{"ASSIGNED":{"old_value":["ASSIGNED","ASSIGNED","ASSIGNED","ASSIGNED","ASSIGNED","ASSIGNED","ASSIGNED","ASSIGNED","ASSIGNED"],"new_value":["ASSIGNED","CLOSED","MODIFIED","NEW","ON_DEV","ON_QA","POST","RELEASE_PENDING","VERIFIED"],"issue":[24,1962,278,22,10,533,337,1,27],"f":[0.00751408891671885,0.614276768941766,0.08703819661866,0.00688791484032561,0.00313087038196619,0.166875391358798,0.10551033187226,0.000313087038196619,0.0084533500313087]},"CLOSED":{"old_value":["CLOSED","CLOSED","CLOSED","CLOSED","0","CLOSED","CLOSED","0","0"],"new_value":["ASSIGNED","CLOSED","MODIFIED","NEW","ON_DEV","ON_QA","POST","RELEASE_PENDING","VERIFIED"],"issue":[185,470,1,3,0,1,2,0,0],"f":[0.279456193353474,0.709969788519637,0.00151057401812689,0.00453172205438067,0,0.00151057401812689,0.00302114803625378,0,0]},"MODIFIED":{"old_value":["MODIFIED","MODIFIED","0","MODIFIED","MODIFIED","MODIFIED","MODIFIED","0","MODIFIED"],"new_value":["ASSIGNED","CLOSED","MODIFIED","NEW","ON_DEV","ON_QA","POST","RELEASE_PENDING","VERIFIED"],"issue":[23,328,0,3,17,228,17,0,28],"f":[0.0357142857142857,0.509316770186335,0,0.0046583850931677,0.0263975155279503,0.354037267080745,0.0263975155279503,0,0.0434782608695652]},"NEW":{"old_value":["NEW","NEW","NEW","0","NEW","NEW","NEW","NEW","NEW"],"new_value":["ASSIGNED","CLOSED","MODIFIED","NEW","ON_DEV","ON_QA","POST","RELEASE_PENDING","VERIFIED"],"issue":[2641,852,130,0,7,94,122,3,4],"f":[0.685439916947833,0.22112639501687,0.0337399429016351,0,0.00181676615624189,0.0243965740981054,0.0316636387230729,0.00077861406696081,0.00103815208928108]},"ON_DEV":{"old_value":["ON_DEV","ON_DEV","ON_DEV","0","0","ON_DEV","0","0","ON_DEV"],"new_value":["ASSIGNED","CLOSED","MODIFIED","NEW","ON_DEV","ON_QA","POST","RELEASE_PENDING","VERIFIED"],"issue":[2,5,11,0,0,35,0,0,3],"f":[0.0357142857142857,0.0892857142857143,0.196428571428571,0,0,0.625,0,0,0.0535714285714286]},"ON_QA":{"old_value":["ON_QA","ON_QA","ON_QA","ON_QA","ON_QA","0","ON_QA","0","ON_QA"],"new_value":["ASSIGNED","CLOSED","MODIFIED","NEW","ON_DEV","ON_QA","POST","RELEASE_PENDING","VERIFIED"],"issue":[32,391,45,1,22,0,3,0,402],"f":[0.0357142857142857,0.436383928571429,0.0502232142857143,0.00111607142857143,0.0245535714285714,0,0.00334821428571429,0,0.448660714285714]},"POST":{"old_value":["POST","POST","POST","POST","POST","POST","0","0","POST"],"new_value":["ASSIGNED","CLOSED","MODIFIED","NEW","ON_DEV","ON_QA","POST","RELEASE_PENDING","VERIFIED"],"issue":[8,67,299,1,2,14,0,0,2],"f":[0.0203562340966921,0.170483460559796,0.760814249363868,0.00254452926208651,0.00508905852417303,0.0356234096692112,0,0,0.00508905852417303]},"RELEASE_PENDING":{"old_value":["0","RELEASE_PENDING","RELEASE_PENDING","0","0","0","0","0","0"],"new_value":["ASSIGNED","CLOSED","MODIFIED","NEW","ON_DEV","ON_QA","POST","RELEASE_PENDING","VERIFIED"],"issue":[0,1,3,0,0,0,0,0,0],"f":[0,0.25,0.75,0,0,0,0,0,0]},"VERIFIED":{"old_value":["VERIFIED","VERIFIED","VERIFIED","0","VERIFIED","VERIFIED","VERIFIED","0","0"],"new_value":["ASSIGNED","CLOSED","MODIFIED","NEW","ON_DEV","ON_QA","POST","RELEASE_PENDING","VERIFIED"],"issue":[2,488,3,0,2,1,1,0,0],"f":[0.00402414486921529,0.981891348088531,0.00603621730382294,0,0.00402414486921529,0.00201207243460765,0.00201207243460765,0,0]}}