{"ASSIGNED":{"old_value":["ASSIGNED","ASSIGNED","ASSIGNED","ASSIGNED","ASSIGNED","ASSIGNED","ASSIGNED","ASSIGNED","ASSIGNED"],"new_value":["ASSIGNED","CLOSED","MODIFIED","NEW","ON_DEV","ON_QA","POST","RELEASE_PENDING","VERIFIED"],"issue":[24,1965,305,33,10,539,400,1,27],"f":[0.00726392251815981,0.594733656174334,0.0923123486682809,0.00998789346246973,0.00302663438256659,0.163135593220339,0.121065375302663,0.000302663438256659,0.00817191283292978]},"CLOSED":{"old_value":["CLOSED","CLOSED","CLOSED","CLOSED","0","CLOSED","CLOSED","0","0"],"new_value":["ASSIGNED","CLOSED","MODIFIED","NEW","ON_DEV","ON_QA","POST","RELEASE_PENDING","VERIFIED"],"issue":[186,470,1,4,0,1,2,0,0],"f":[0.280120481927711,0.707831325301205,0.00150602409638554,0.00602409638554217,0,0.00150602409638554,0.00301204819277108,0,0]},"MODIFIED":{"old_value":["MODIFIED","MODIFIED","0","MODIFIED","MODIFIED","MODIFIED","MODIFIED","0","MODIFIED"],"new_value":["ASSIGNED","CLOSED","MODIFIED","NEW","ON_DEV","ON_QA","POST","RELEASE_PENDING","VERIFIED"],"issue":[26,340,0,3,17,280,20,0,43],"f":[0.0356652949245542,0.46639231824417,0,0.00411522633744856,0.0233196159122085,0.384087791495199,0.0274348422496571,0,0.0589849108367627]},"NEW":{"old_value":["NEW","NEW","NEW","0","NEW","NEW","NEW","NEW","NEW"],"new_value":["ASSIGNED","CLOSED","MODIFIED","NEW","ON_DEV","ON_QA","POST","RELEASE_PENDING","VERIFIED"],"issue":[2719,864,149,0,7,98,161,3,4],"f":[0.678901373283396,0.215730337078652,0.0372034956304619,0,0.0017478152309613,0.0244694132334582,0.0401997503121099,0.000749063670411985,0.000998751560549313]},"ON_DEV":{"old_value":["ON_DEV","ON_DEV","ON_DEV","0","0","ON_DEV","0","0","ON_DEV"],"new_value":["ASSIGNED","CLOSED","MODIFIED","NEW","ON_DEV","ON_QA","POST","RELEASE_PENDING","VERIFIED"],"issue":[2,5,11,0,0,35,0,0,3],"f":[0.0357142857142857,0.0892857142857143,0.196428571428571,0,0,0.625,0,0,0.0535714285714286]},"ON_QA":{"old_value":["ON_QA","ON_QA","ON_QA","ON_QA","ON_QA","0","ON_QA","0","ON_QA"],"new_value":["ASSIGNED","CLOSED","MODIFIED","NEW","ON_DEV","ON_QA","POST","RELEASE_PENDING","VERIFIED"],"issue":[34,391,48,1,22,0,3,0,405],"f":[0.0376106194690266,0.432522123893805,0.0530973451327434,0.00110619469026549,0.0243362831858407,0,0.00331858407079646,0,0.448008849557522]},"POST":{"old_value":["POST","POST","POST","POST","POST","POST","0","0","POST"],"new_value":["ASSIGNED","CLOSED","MODIFIED","NEW","ON_DEV","ON_QA","POST","RELEASE_PENDING","VERIFIED"],"issue":[12,68,371,1,2,35,0,0,2],"f":[0.0244399185336049,0.138492871690428,0.755600814663951,0.00203665987780041,0.00407331975560081,0.0712830957230143,0,0,0.00407331975560081]},"RELEASE_PENDING":{"old_value":["0","RELEASE_PENDING","RELEASE_PENDING","0","0","0","0","0","0"],"new_value":["ASSIGNED","CLOSED","MODIFIED","NEW","ON_DEV","ON_QA","POST","RELEASE_PENDING","VERIFIED"],"issue":[0,1,3,0,0,0,0,0,0],"f":[0,0.25,0.75,0,0,0,0,0,0]},"VERIFIED":{"old_value":["VERIFIED","VERIFIED","VERIFIED","0","VERIFIED","VERIFIED","VERIFIED","0","0"],"new_value":["ASSIGNED","CLOSED","MODIFIED","NEW","ON_DEV","ON_QA","POST","RELEASE_PENDING","VERIFIED"],"issue":[2,488,4,0,2,2,1,0,0],"f":[0.00400801603206413,0.977955911823647,0.00801603206412826,0,0.00400801603206413,0.00400801603206413,0.00200400801603206,0,0]}}