{"ASSIGNED":{"old_value":["ASSIGNED","ASSIGNED","ASSIGNED","ASSIGNED","ASSIGNED","ASSIGNED","ASSIGNED","ASSIGNED","ASSIGNED"],"new_value":["ASSIGNED","CLOSED","MODIFIED","NEW","ON_DEV","ON_QA","POST","RELEASE_PENDING","VERIFIED"],"issue":[24,1994,377,60,10,548,651,2,28],"f":[0.00649702219815918,0.539794260963725,0.10205739036275,0.0162425554953979,0.00270709258256632,0.148348673524635,0.176231727125068,0.000541418516513265,0.00757985923118571]},"CLOSED":{"old_value":["CLOSED","CLOSED","CLOSED","CLOSED","0","CLOSED","CLOSED","0","0"],"new_value":["ASSIGNED","CLOSED","MODIFIED","NEW","ON_DEV","ON_QA","POST","RELEASE_PENDING","VERIFIED"],"issue":[187,470,1,5,0,1,2,0,0],"f":[0.280780780780781,0.705705705705706,0.0015015015015015,0.00750750750750751,0,0.0015015015015015,0.003003003003003,0,0]},"MODIFIED":{"old_value":["MODIFIED","MODIFIED","0","MODIFIED","MODIFIED","MODIFIED","MODIFIED","0","MODIFIED"],"new_value":["ASSIGNED","CLOSED","MODIFIED","NEW","ON_DEV","ON_QA","POST","RELEASE_PENDING","VERIFIED"],"issue":[33,390,0,4,17,695,49,0,57],"f":[0.0265060240963855,0.313253012048193,0,0.00321285140562249,0.0136546184738956,0.558232931726908,0.0393574297188755,0,0.0457831325301205]},"NEW":{"old_value":["NEW","NEW","NEW","0","NEW","NEW","NEW","NEW","NEW"],"new_value":["ASSIGNED","CLOSED","MODIFIED","NEW","ON_DEV","ON_QA","POST","RELEASE_PENDING","VERIFIED"],"issue":[3036,947,229,0,7,103,387,3,5],"f":[0.643629425482298,0.200763196947212,0.0485478058087768,0,0.00148399406402374,0.0218359126563494,0.0820436718253127,0.000635997456010176,0.00105999576001696]},"ON_DEV":{"old_value":["ON_DEV","ON_DEV","ON_DEV","0","0","ON_DEV","ON_DEV","0","ON_DEV"],"new_value":["ASSIGNED","CLOSED","MODIFIED","NEW","ON_DEV","ON_QA","POST","RELEASE_PENDING","VERIFIED"],"issue":[3,6,11,0,0,35,2,0,3],"f":[0.05,0.1,0.183333333333333,0,0,0.583333333333333,0.0333333333333333,0,0.05]},"ON_QA":{"old_value":["ON_QA","ON_QA","ON_QA","ON_QA","ON_QA","0","ON_QA","0","ON_QA"],"new_value":["ASSIGNED","CLOSED","MODIFIED","NEW","ON_DEV","ON_QA","POST","RELEASE_PENDING","VERIFIED"],"issue":[39,872,90,1,22,0,6,0,411],"f":[0.0270645385149202,0.605135322692575,0.0624566273421235,0.000693962526023595,0.0152671755725191,0,0.00416377515614157,0,0.285218598195697]},"POST":{"old_value":["POST","POST","POST","POST","POST","POST","0","0","POST"],"new_value":["ASSIGNED","CLOSED","MODIFIED","NEW","ON_DEV","ON_QA","POST","RELEASE_PENDING","VERIFIED"],"issue":[16,104,722,4,2,77,0,0,2],"f":[0.017259978425027,0.112189859762675,0.778856526429342,0.00431499460625674,0.00215749730312837,0.0830636461704423,0,0,0.00215749730312837]},"RELEASE_PENDING":{"old_value":["0","RELEASE_PENDING","RELEASE_PENDING","0","0","0","0","0","0"],"new_value":["ASSIGNED","CLOSED","MODIFIED","NEW","ON_DEV","ON_QA","POST","RELEASE_PENDING","VERIFIED"],"issue":[0,2,3,0,0,0,0,0,0],"f":[0,0.4,0.6,0,0,0,0,0,0]},"VERIFIED":{"old_value":["VERIFIED","VERIFIED","VERIFIED","VERIFIED","VERIFIED","VERIFIED","VERIFIED","0","0"],"new_value":["ASSIGNED","CLOSED","MODIFIED","NEW","ON_DEV","ON_QA","POST","RELEASE_PENDING","VERIFIED"],"issue":[2,507,24,2,2,2,1,0,0],"f":[0.0037037037037037,0.938888888888889,0.0444444444444444,0.0037037037037037,0.0037037037037037,0.0037037037037037,0.00185185185185185,0,0]}}