{"data":{"years":[2009,2010,2011,2012,2013,2014],"X0.99":[538757.880000001,874835.850000002,1171856.79,1038514.16,690083.8,229540.68],"X0.95":[331272,366421.75,847506.95,806863.2,573683.199999999,185646.5],"X0.5":[28751,20709.5,26215.5,521643,247257,57746.5],"X0.25":[8087,3328.25,5540,110213,133471.5,21656.25]},"labels":[0.99,0.95,0.5,0.25]}