{"ASSIGNED":{"old_value":["ASSIGNED","ASSIGNED","ASSIGNED","ASSIGNED","ASSIGNED","ASSIGNED","ASSIGNED","0","ASSIGNED"],"new_value":["ASSIGNED","CLOSED","MODIFIED","NEW","ON_DEV","ON_QA","POST","RELEASE_PENDING","VERIFIED"],"issue":[24,1920,255,22,10,531,291,0,26],"f":[0.00779473855147775,0.62357908411822,0.0828190971094511,0.00714517700552127,0.0032478077297824,0.172458590451445,0.0945112049366677,0,0.00844430009743423]},"CLOSED":{"old_value":["CLOSED","CLOSED","CLOSED","CLOSED","0","CLOSED","CLOSED","0","0"],"new_value":["ASSIGNED","CLOSED","MODIFIED","NEW","ON_DEV","ON_QA","POST","RELEASE_PENDING","VERIFIED"],"issue":[184,470,1,1,0,1,2,0,0],"f":[0.279210925644917,0.713201820940819,0.00151745068285281,0.00151745068285281,0,0.00151745068285281,0.00303490136570561,0,0]},"MODIFIED":{"old_value":["MODIFIED","MODIFIED","0","MODIFIED","MODIFIED","MODIFIED","MODIFIED","0","MODIFIED"],"new_value":["ASSIGNED","CLOSED","MODIFIED","NEW","ON_DEV","ON_QA","POST","RELEASE_PENDING","VERIFIED"],"issue":[19,199,0,2,17,220,14,0,22],"f":[0.0385395537525355,0.403651115618661,0,0.00405679513184584,0.0344827586206897,0.446247464503043,0.0283975659229209,0,0.0446247464503043]},"NEW":{"old_value":["NEW","NEW","NEW","0","NEW","NEW","NEW","NEW","NEW"],"new_value":["ASSIGNED","CLOSED","MODIFIED","NEW","ON_DEV","ON_QA","POST","RELEASE_PENDING","VERIFIED"],"issue":[2569,804,111,0,7,94,92,2,4],"f":[0.697529188161825,0.218300298669563,0.0301384740700516,0,0.00190062449090415,0.0255226717349986,0.0249796361661689,0.000543035568829758,0.00108607113765952]},"ON_DEV":{"old_value":["ON_DEV","ON_DEV","ON_DEV","0","0","ON_DEV","0","0","ON_DEV"],"new_value":["ASSIGNED","CLOSED","MODIFIED","NEW","ON_DEV","ON_QA","POST","RELEASE_PENDING","VERIFIED"],"issue":[2,5,11,0,0,35,0,0,3],"f":[0.0357142857142857,0.0892857142857143,0.196428571428571,0,0,0.625,0,0,0.0535714285714286]},"ON_QA":{"old_value":["ON_QA","ON_QA","ON_QA","ON_QA","ON_QA","0","ON_QA","0","ON_QA"],"new_value":["ASSIGNED","CLOSED","MODIFIED","NEW","ON_DEV","ON_QA","POST","RELEASE_PENDING","VERIFIED"],"issue":[32,376,44,1,22,0,3,0,401],"f":[0.0364050056882821,0.427758816837315,0.0500568828213879,0.00113765642775882,0.025028441410694,0,0.00341296928327645,0,0.456200227531286]},"POST":{"old_value":["POST","POST","POST","POST","POST","POST","0","0","POST"],"new_value":["ASSIGNED","CLOSED","MODIFIED","NEW","ON_DEV","ON_QA","POST","RELEASE_PENDING","VERIFIED"],"issue":[5,7,266,1,2,13,0,0,1],"f":[0.0169491525423729,0.023728813559322,0.901694915254237,0.00338983050847458,0.00677966101694915,0.0440677966101695,0,0,0.00338983050847458]},"RELEASE_PENDING":{"old_value":["0","RELEASE_PENDING","RELEASE_PENDING","0","0","0","0","0","0"],"new_value":["ASSIGNED","CLOSED","MODIFIED","NEW","ON_DEV","ON_QA","POST","RELEASE_PENDING","VERIFIED"],"issue":[0,1,1,0,0,0,0,0,0],"f":[0,0.5,0.5,0,0,0,0,0,0]},"VERIFIED":{"old_value":["VERIFIED","VERIFIED","VERIFIED","0","VERIFIED","VERIFIED","VERIFIED","0","0"],"new_value":["ASSIGNED","CLOSED","MODIFIED","NEW","ON_DEV","ON_QA","POST","RELEASE_PENDING","VERIFIED"],"issue":[2,480,3,0,2,1,1,0,0],"f":[0.00408997955010225,0.98159509202454,0.00613496932515337,0,0.00408997955010225,0.00204498977505112,0.00204498977505112,0,0]}}