{"ASSIGNED":{"old_value":["ASSIGNED","ASSIGNED","ASSIGNED","ASSIGNED","ASSIGNED","ASSIGNED","ASSIGNED","ASSIGNED","ASSIGNED"],"new_value":["ASSIGNED","CLOSED","MODIFIED","NEW","ON_DEV","ON_QA","POST","RELEASE_PENDING","VERIFIED"],"issue":[24,1922,264,22,10,532,301,1,27],"f":[0.00773445053174347,0.61940058008379,0.0850789558491782,0.00708991298743152,0.00322268772155978,0.17144698678698,0.0970029004189494,0.000322268772155978,0.00870125684821141]},"CLOSED":{"old_value":["CLOSED","CLOSED","CLOSED","CLOSED","0","CLOSED","CLOSED","0","0"],"new_value":["ASSIGNED","CLOSED","MODIFIED","NEW","ON_DEV","ON_QA","POST","RELEASE_PENDING","VERIFIED"],"issue":[184,470,1,1,0,1,2,0,0],"f":[0.279210925644917,0.713201820940819,0.00151745068285281,0.00151745068285281,0,0.00151745068285281,0.00303490136570561,0,0]},"MODIFIED":{"old_value":["MODIFIED","MODIFIED","0","MODIFIED","MODIFIED","MODIFIED","MODIFIED","0","MODIFIED"],"new_value":["ASSIGNED","CLOSED","MODIFIED","NEW","ON_DEV","ON_QA","POST","RELEASE_PENDING","VERIFIED"],"issue":[19,199,0,3,17,220,14,0,22],"f":[0.0384615384615385,0.402834008097166,0,0.00607287449392713,0.034412955465587,0.445344129554656,0.0283400809716599,0,0.0445344129554656]},"NEW":{"old_value":["NEW","NEW","NEW","0","NEW","NEW","NEW","NEW","NEW"],"new_value":["ASSIGNED","CLOSED","MODIFIED","NEW","ON_DEV","ON_QA","POST","RELEASE_PENDING","VERIFIED"],"issue":[2597,808,121,0,7,94,102,3,4],"f":[0.695128479657388,0.21627408993576,0.0323875802997859,0,0.00187366167023555,0.0251605995717345,0.0273019271948608,0.000802997858672377,0.00107066381156317]},"ON_DEV":{"old_value":["ON_DEV","ON_DEV","ON_DEV","0","0","ON_DEV","0","0","ON_DEV"],"new_value":["ASSIGNED","CLOSED","MODIFIED","NEW","ON_DEV","ON_QA","POST","RELEASE_PENDING","VERIFIED"],"issue":[2,5,11,0,0,35,0,0,3],"f":[0.0357142857142857,0.0892857142857143,0.196428571428571,0,0,0.625,0,0,0.0535714285714286]},"ON_QA":{"old_value":["ON_QA","ON_QA","ON_QA","ON_QA","ON_QA","0","ON_QA","0","ON_QA"],"new_value":["ASSIGNED","CLOSED","MODIFIED","NEW","ON_DEV","ON_QA","POST","RELEASE_PENDING","VERIFIED"],"issue":[32,376,44,1,22,0,3,0,401],"f":[0.0364050056882821,0.427758816837315,0.0500568828213879,0.00113765642775882,0.025028441410694,0,0.00341296928327645,0,0.456200227531286]},"POST":{"old_value":["POST","POST","POST","POST","POST","POST","0","0","POST"],"new_value":["ASSIGNED","CLOSED","MODIFIED","NEW","ON_DEV","ON_QA","POST","RELEASE_PENDING","VERIFIED"],"issue":[7,7,274,1,2,14,0,0,1],"f":[0.0228758169934641,0.0228758169934641,0.895424836601307,0.00326797385620915,0.0065359477124183,0.0457516339869281,0,0,0.00326797385620915]},"RELEASE_PENDING":{"old_value":["0","RELEASE_PENDING","RELEASE_PENDING","0","0","0","0","0","0"],"new_value":["ASSIGNED","CLOSED","MODIFIED","NEW","ON_DEV","ON_QA","POST","RELEASE_PENDING","VERIFIED"],"issue":[0,1,3,0,0,0,0,0,0],"f":[0,0.25,0.75,0,0,0,0,0,0]},"VERIFIED":{"old_value":["VERIFIED","VERIFIED","VERIFIED","0","VERIFIED","VERIFIED","VERIFIED","0","0"],"new_value":["ASSIGNED","CLOSED","MODIFIED","NEW","ON_DEV","ON_QA","POST","RELEASE_PENDING","VERIFIED"],"issue":[2,480,3,0,2,1,1,0,0],"f":[0.00408997955010225,0.98159509202454,0.00613496932515337,0,0.00408997955010225,0.00204498977505112,0.00204498977505112,0,0]}}