{"ASSIGNED":{"old_value":["ASSIGNED","ASSIGNED","ASSIGNED","ASSIGNED","ASSIGNED","ASSIGNED","ASSIGNED","0","ASSIGNED"],"new_value":["ASSIGNED","CLOSED","MODIFIED","NEW","ON_DEV","ON_QA","POST","RELEASE_PENDING","VERIFIED"],"issue":[24,1919,252,22,10,531,287,0,26],"f":[0.00781504395962227,0.624877889938131,0.0820579615760339,0.00716379029632042,0.00325626831650928,0.172907847606643,0.0934549006838163,0,0.00846629762292413]},"CLOSED":{"old_value":["CLOSED","CLOSED","CLOSED","CLOSED","0","CLOSED","CLOSED","0","0"],"new_value":["ASSIGNED","CLOSED","MODIFIED","NEW","ON_DEV","ON_QA","POST","RELEASE_PENDING","VERIFIED"],"issue":[184,470,1,1,0,1,2,0,0],"f":[0.279210925644917,0.713201820940819,0.00151745068285281,0.00151745068285281,0,0.00151745068285281,0.00303490136570561,0,0]},"MODIFIED":{"old_value":["MODIFIED","MODIFIED","0","MODIFIED","MODIFIED","MODIFIED","MODIFIED","0","MODIFIED"],"new_value":["ASSIGNED","CLOSED","MODIFIED","NEW","ON_DEV","ON_QA","POST","RELEASE_PENDING","VERIFIED"],"issue":[19,199,0,2,17,220,14,0,22],"f":[0.0385395537525355,0.403651115618661,0,0.00405679513184584,0.0344827586206897,0.446247464503043,0.0283975659229209,0,0.0446247464503043]},"NEW":{"old_value":["NEW","NEW","NEW","0","NEW","NEW","NEW","NEW","NEW"],"new_value":["ASSIGNED","CLOSED","MODIFIED","NEW","ON_DEV","ON_QA","POST","RELEASE_PENDING","VERIFIED"],"issue":[2564,804,109,0,7,94,92,2,4],"f":[0.697497279651795,0.218715995647443,0.029651795429815,0,0.00190424374319913,0.0255712731229597,0.0250272034820457,0.000544069640914037,0.00108813928182807]},"ON_DEV":{"old_value":["ON_DEV","ON_DEV","ON_DEV","0","0","ON_DEV","0","0","ON_DEV"],"new_value":["ASSIGNED","CLOSED","MODIFIED","NEW","ON_DEV","ON_QA","POST","RELEASE_PENDING","VERIFIED"],"issue":[2,5,11,0,0,35,0,0,3],"f":[0.0357142857142857,0.0892857142857143,0.196428571428571,0,0,0.625,0,0,0.0535714285714286]},"ON_QA":{"old_value":["ON_QA","ON_QA","ON_QA","ON_QA","ON_QA","0","ON_QA","0","ON_QA"],"new_value":["ASSIGNED","CLOSED","MODIFIED","NEW","ON_DEV","ON_QA","POST","RELEASE_PENDING","VERIFIED"],"issue":[32,376,44,1,22,0,3,0,401],"f":[0.0364050056882821,0.427758816837315,0.0500568828213879,0.00113765642775882,0.025028441410694,0,0.00341296928327645,0,0.456200227531286]},"POST":{"old_value":["POST","POST","POST","POST","POST","POST","0","0","POST"],"new_value":["ASSIGNED","CLOSED","MODIFIED","NEW","ON_DEV","ON_QA","POST","RELEASE_PENDING","VERIFIED"],"issue":[5,7,260,1,2,13,0,0,1],"f":[0.0173010380622837,0.0242214532871972,0.899653979238754,0.00346020761245675,0.0069204152249135,0.0449826989619377,0,0,0.00346020761245675]},"RELEASE_PENDING":{"old_value":["0","RELEASE_PENDING","RELEASE_PENDING","0","0","0","0","0","0"],"new_value":["ASSIGNED","CLOSED","MODIFIED","NEW","ON_DEV","ON_QA","POST","RELEASE_PENDING","VERIFIED"],"issue":[0,1,1,0,0,0,0,0,0],"f":[0,0.5,0.5,0,0,0,0,0,0]},"VERIFIED":{"old_value":["VERIFIED","VERIFIED","VERIFIED","0","VERIFIED","VERIFIED","VERIFIED","0","0"],"new_value":["ASSIGNED","CLOSED","MODIFIED","NEW","ON_DEV","ON_QA","POST","RELEASE_PENDING","VERIFIED"],"issue":[2,462,3,0,2,1,1,0,0],"f":[0.00424628450106157,0.980891719745223,0.00636942675159236,0,0.00424628450106157,0.00212314225053079,0.00212314225053079,0,0]}}