{"ASSIGNED":{"old_value":["ASSIGNED","ASSIGNED","ASSIGNED","ASSIGNED","ASSIGNED","ASSIGNED","ASSIGNED","ASSIGNED","ASSIGNED"],"new_value":["ASSIGNED","CLOSED","MODIFIED","NEW","ON_DEV","ON_QA","POST","RELEASE_PENDING","VERIFIED"],"issue":[24,1964,299,27,10,538,378,1,27],"f":[0.00734394124847001,0.600979192166463,0.0914932680538556,0.00826193390452876,0.00305997552019584,0.164626682986536,0.115667074663403,0.000305997552019584,0.00826193390452876]},"CLOSED":{"old_value":["CLOSED","CLOSED","CLOSED","CLOSED","0","CLOSED","CLOSED","0","0"],"new_value":["ASSIGNED","CLOSED","MODIFIED","NEW","ON_DEV","ON_QA","POST","RELEASE_PENDING","VERIFIED"],"issue":[186,470,1,4,0,1,2,0,0],"f":[0.280120481927711,0.707831325301205,0.00150602409638554,0.00602409638554217,0,0.00150602409638554,0.00301204819277108,0,0]},"MODIFIED":{"old_value":["MODIFIED","MODIFIED","0","MODIFIED","MODIFIED","MODIFIED","MODIFIED","0","MODIFIED"],"new_value":["ASSIGNED","CLOSED","MODIFIED","NEW","ON_DEV","ON_QA","POST","RELEASE_PENDING","VERIFIED"],"issue":[25,339,0,3,17,276,20,0,42],"f":[0.0346260387811634,0.469529085872576,0,0.00415512465373961,0.0235457063711911,0.382271468144044,0.0277008310249307,0,0.0581717451523546]},"NEW":{"old_value":["NEW","NEW","NEW","0","NEW","NEW","NEW","NEW","NEW"],"new_value":["ASSIGNED","CLOSED","MODIFIED","NEW","ON_DEV","ON_QA","POST","RELEASE_PENDING","VERIFIED"],"issue":[2698,861,146,0,7,97,146,3,4],"f":[0.680969207470974,0.217314487632509,0.0368500757193337,0,0.00176678445229682,0.0244825845532559,0.0368500757193337,0.000757193336698637,0.00100959111559818]},"ON_DEV":{"old_value":["ON_DEV","ON_DEV","ON_DEV","0","0","ON_DEV","0","0","ON_DEV"],"new_value":["ASSIGNED","CLOSED","MODIFIED","NEW","ON_DEV","ON_QA","POST","RELEASE_PENDING","VERIFIED"],"issue":[2,5,11,0,0,35,0,0,3],"f":[0.0357142857142857,0.0892857142857143,0.196428571428571,0,0,0.625,0,0,0.0535714285714286]},"ON_QA":{"old_value":["ON_QA","ON_QA","ON_QA","ON_QA","ON_QA","0","ON_QA","0","ON_QA"],"new_value":["ASSIGNED","CLOSED","MODIFIED","NEW","ON_DEV","ON_QA","POST","RELEASE_PENDING","VERIFIED"],"issue":[33,391,47,1,22,0,3,0,404],"f":[0.0366259711431743,0.433962264150943,0.0521642619311876,0.00110987791342952,0.0244173140954495,0,0.00332963374028857,0,0.448390677025527]},"POST":{"old_value":["POST","POST","POST","POST","POST","POST","0","0","POST"],"new_value":["ASSIGNED","CLOSED","MODIFIED","NEW","ON_DEV","ON_QA","POST","RELEASE_PENDING","VERIFIED"],"issue":[9,68,348,1,2,35,0,0,2],"f":[0.0193548387096774,0.146236559139785,0.748387096774194,0.0021505376344086,0.0043010752688172,0.0752688172043011,0,0,0.0043010752688172]},"RELEASE_PENDING":{"old_value":["0","RELEASE_PENDING","RELEASE_PENDING","0","0","0","0","0","0"],"new_value":["ASSIGNED","CLOSED","MODIFIED","NEW","ON_DEV","ON_QA","POST","RELEASE_PENDING","VERIFIED"],"issue":[0,1,3,0,0,0,0,0,0],"f":[0,0.25,0.75,0,0,0,0,0,0]},"VERIFIED":{"old_value":["VERIFIED","VERIFIED","VERIFIED","0","VERIFIED","VERIFIED","VERIFIED","0","0"],"new_value":["ASSIGNED","CLOSED","MODIFIED","NEW","ON_DEV","ON_QA","POST","RELEASE_PENDING","VERIFIED"],"issue":[2,488,3,0,2,2,1,0,0],"f":[0.00401606425702811,0.979919678714859,0.00602409638554217,0,0.00401606425702811,0.00401606425702811,0.00200803212851406,0,0]}}