{"data":{"years":[2009,2010,2011,2012,2013,2014,2015],"X0.99":[538757.880000001,874835.850000002,1611972.05,1314429.2,959180.38,448349.1,6],"X0.95":[331272,366421.75,854253.7,1001631,789920.6,405036,6],"X0.5":[28751,20709.5,27294.5,546014,304955,137289,6],"X0.25":[8087,3328.25,5570.25,125722,171062.5,66269,6]},"labels":[0.99,0.95,0.5,0.25]}