{"data":{"years":[2009,2010,2011,2012,2013,2014],"X0.99":[538757.880000001,874835.850000002,1311079.72,1054921.92,743059.8,339707.3],"X0.95":[331272,366421.75,848299.6,808525.25,632620.4,209538.7],"X0.5":[28751,20709.5,26494,523272.5,253141,58863],"X0.25":[8087,3328.25,5551.5,110850,144518,21466.5]},"labels":[0.99,0.95,0.5,0.25]}