{"ASSIGNED":{"old_value":["ASSIGNED","ASSIGNED","ASSIGNED","ASSIGNED","ASSIGNED","ASSIGNED","ASSIGNED","0","ASSIGNED"],"new_value":["ASSIGNED","CLOSED","MODIFIED","NEW","ON_DEV","ON_QA","POST","RELEASE_PENDING","VERIFIED"],"issue":[24,1919,251,22,10,530,280,0,26],"f":[0.00783801436969301,0.62671456564337,0.0819725669497061,0.00718484650555193,0.00326583932070542,0.173089483997387,0.0914435009797518,0,0.0084911822338341]},"CLOSED":{"old_value":["CLOSED","CLOSED","0","CLOSED","0","CLOSED","CLOSED","0","0"],"new_value":["ASSIGNED","CLOSED","MODIFIED","NEW","ON_DEV","ON_QA","POST","RELEASE_PENDING","VERIFIED"],"issue":[184,470,0,1,0,1,2,0,0],"f":[0.279635258358663,0.714285714285714,0,0.00151975683890578,0,0.00151975683890578,0.00303951367781155,0,0]},"MODIFIED":{"old_value":["MODIFIED","MODIFIED","0","MODIFIED","MODIFIED","MODIFIED","MODIFIED","0","MODIFIED"],"new_value":["ASSIGNED","CLOSED","MODIFIED","NEW","ON_DEV","ON_QA","POST","RELEASE_PENDING","VERIFIED"],"issue":[15,198,0,2,17,219,14,0,13],"f":[0.0313807531380753,0.414225941422594,0,0.00418410041841004,0.0355648535564854,0.4581589958159,0.0292887029288703,0,0.0271966527196653]},"NEW":{"old_value":["NEW","NEW","NEW","0","NEW","NEW","NEW","NEW","NEW"],"new_value":["ASSIGNED","CLOSED","MODIFIED","NEW","ON_DEV","ON_QA","POST","RELEASE_PENDING","VERIFIED"],"issue":[2556,800,108,0,7,94,89,2,4],"f":[0.698360655737705,0.218579234972678,0.0295081967213115,0,0.00191256830601093,0.0256830601092896,0.0243169398907104,0.000546448087431694,0.00109289617486339]},"ON_DEV":{"old_value":["ON_DEV","ON_DEV","ON_DEV","0","0","ON_DEV","0","0","ON_DEV"],"new_value":["ASSIGNED","CLOSED","MODIFIED","NEW","ON_DEV","ON_QA","POST","RELEASE_PENDING","VERIFIED"],"issue":[2,5,11,0,0,35,0,0,3],"f":[0.0357142857142857,0.0892857142857143,0.196428571428571,0,0,0.625,0,0,0.0535714285714286]},"ON_QA":{"old_value":["ON_QA","ON_QA","ON_QA","0","ON_QA","0","ON_QA","0","ON_QA"],"new_value":["ASSIGNED","CLOSED","MODIFIED","NEW","ON_DEV","ON_QA","POST","RELEASE_PENDING","VERIFIED"],"issue":[32,376,43,0,22,0,3,0,401],"f":[0.0364880273660205,0.428734321550741,0.0490307867730901,0,0.0250855188141391,0,0.00342075256556442,0,0.457240592930445]},"POST":{"old_value":["POST","POST","POST","0","POST","POST","0","0","0"],"new_value":["ASSIGNED","CLOSED","MODIFIED","NEW","ON_DEV","ON_QA","POST","RELEASE_PENDING","VERIFIED"],"issue":[5,6,257,0,2,13,0,0,0],"f":[0.0176678445229682,0.0212014134275618,0.908127208480565,0,0.00706713780918728,0.0459363957597173,0,0,0]},"RELEASE_PENDING":{"old_value":["0","RELEASE_PENDING","RELEASE_PENDING","0","0","0","0","0","0"],"new_value":["ASSIGNED","CLOSED","MODIFIED","NEW","ON_DEV","ON_QA","POST","RELEASE_PENDING","VERIFIED"],"issue":[0,1,1,0,0,0,0,0,0],"f":[0,0.5,0.5,0,0,0,0,0,0]},"VERIFIED":{"old_value":["VERIFIED","VERIFIED","VERIFIED","0","VERIFIED","VERIFIED","VERIFIED","0","0"],"new_value":["ASSIGNED","CLOSED","MODIFIED","NEW","ON_DEV","ON_QA","POST","RELEASE_PENDING","VERIFIED"],"issue":[2,462,3,0,2,1,1,0,0],"f":[0.00424628450106157,0.980891719745223,0.00636942675159236,0,0.00424628450106157,0.00212314225053079,0.00212314225053079,0,0]}}