{"data":{"years":[2009,2010,2011,2012,2013,2014],"X0.99":[538757.880000001,874835.850000002,1395019.5,1089404.04,771740.06,361491.88],"X0.95":[331272,366421.75,848331.5,809622.4,643921,223413.8],"X0.5":[28751,20709.5,26644,524407,254698,59044],"X0.25":[8087,3328.25,5552.75,111336,148427,21413]},"labels":[0.99,0.95,0.5,0.25]}