{"data":{"years":[2009,2010,2011,2012,2013,2014],"X0.99":[538757.880000001,874835.850000002,1311079.72,1054921.92,753905.52,342974.12],"X0.95":[331272,366421.75,848299.6,808525.25,639580.4,213813.2],"X0.5":[28751,20709.5,26494,523272.5,254334,59044],"X0.25":[8087,3328.25,5551.5,110850,148277,21627]},"labels":[0.99,0.95,0.5,0.25]}