{"ASSIGNED":{"old_value":["ASSIGNED","ASSIGNED","ASSIGNED","ASSIGNED","ASSIGNED","ASSIGNED","ASSIGNED","0","ASSIGNED"],"new_value":["ASSIGNED","CLOSED","MODIFIED","NEW","ON_DEV","ON_QA","POST","RELEASE_PENDING","VERIFIED"],"issue":[24,1918,249,22,10,530,279,0,25],"f":[0.00785083415112856,0.627412495911024,0.0814524043179588,0.00719659797186784,0.00327118089630357,0.173372587504089,0.0912659470068695,0,0.00817795224075891]},"CLOSED":{"old_value":["CLOSED","CLOSED","0","CLOSED","0","CLOSED","CLOSED","0","0"],"new_value":["ASSIGNED","CLOSED","MODIFIED","NEW","ON_DEV","ON_QA","POST","RELEASE_PENDING","VERIFIED"],"issue":[182,470,0,1,0,1,2,0,0],"f":[0.277439024390244,0.716463414634146,0,0.00152439024390244,0,0.00152439024390244,0.00304878048780488,0,0]},"MODIFIED":{"old_value":["MODIFIED","MODIFIED","0","MODIFIED","MODIFIED","MODIFIED","MODIFIED","0","MODIFIED"],"new_value":["ASSIGNED","CLOSED","MODIFIED","NEW","ON_DEV","ON_QA","POST","RELEASE_PENDING","VERIFIED"],"issue":[15,198,0,2,17,218,14,0,10],"f":[0.0316455696202532,0.417721518987342,0,0.00421940928270042,0.0358649789029536,0.459915611814346,0.029535864978903,0,0.0210970464135021]},"NEW":{"old_value":["NEW","NEW","NEW","0","NEW","NEW","NEW","NEW","NEW"],"new_value":["ASSIGNED","CLOSED","MODIFIED","NEW","ON_DEV","ON_QA","POST","RELEASE_PENDING","VERIFIED"],"issue":[2556,796,108,0,7,94,88,2,4],"f":[0.699316005471956,0.217783857729138,0.0295485636114911,0,0.00191518467852257,0.025718194254446,0.0240766073871409,0.000547195622435021,0.00109439124487004]},"ON_DEV":{"old_value":["ON_DEV","ON_DEV","ON_DEV","0","0","ON_DEV","0","0","ON_DEV"],"new_value":["ASSIGNED","CLOSED","MODIFIED","NEW","ON_DEV","ON_QA","POST","RELEASE_PENDING","VERIFIED"],"issue":[2,5,11,0,0,35,0,0,3],"f":[0.0357142857142857,0.0892857142857143,0.196428571428571,0,0,0.625,0,0,0.0535714285714286]},"ON_QA":{"old_value":["ON_QA","ON_QA","ON_QA","0","ON_QA","0","ON_QA","0","ON_QA"],"new_value":["ASSIGNED","CLOSED","MODIFIED","NEW","ON_DEV","ON_QA","POST","RELEASE_PENDING","VERIFIED"],"issue":[32,376,43,0,22,0,3,0,400],"f":[0.0365296803652968,0.429223744292237,0.0490867579908676,0,0.0251141552511416,0,0.00342465753424658,0,0.45662100456621]},"POST":{"old_value":["POST","POST","POST","0","POST","POST","0","0","0"],"new_value":["ASSIGNED","CLOSED","MODIFIED","NEW","ON_DEV","ON_QA","POST","RELEASE_PENDING","VERIFIED"],"issue":[5,6,255,0,2,13,0,0,0],"f":[0.0177935943060498,0.0213523131672598,0.907473309608541,0,0.00711743772241993,0.0462633451957295,0,0,0]},"RELEASE_PENDING":{"old_value":["0","RELEASE_PENDING","RELEASE_PENDING","0","0","0","0","0","0"],"new_value":["ASSIGNED","CLOSED","MODIFIED","NEW","ON_DEV","ON_QA","POST","RELEASE_PENDING","VERIFIED"],"issue":[0,1,1,0,0,0,0,0,0],"f":[0,0.5,0.5,0,0,0,0,0,0]},"VERIFIED":{"old_value":["VERIFIED","VERIFIED","VERIFIED","0","VERIFIED","VERIFIED","VERIFIED","0","0"],"new_value":["ASSIGNED","CLOSED","MODIFIED","NEW","ON_DEV","ON_QA","POST","RELEASE_PENDING","VERIFIED"],"issue":[2,462,3,0,2,1,1,0,0],"f":[0.00424628450106157,0.980891719745223,0.00636942675159236,0,0.00424628450106157,0.00212314225053079,0.00212314225053079,0,0]}}