{"ASSIGNED":{"old_value":["ASSIGNED","ASSIGNED","ASSIGNED","ASSIGNED","ASSIGNED","ASSIGNED","ASSIGNED","ASSIGNED","ASSIGNED"],"new_value":["ASSIGNED","CLOSED","MODIFIED","NEW","ON_DEV","ON_QA","POST","RELEASE_PENDING","VERIFIED"],"issue":[24,1974,340,33,10,540,486,1,27],"f":[0.00698689956331878,0.574672489082969,0.098981077147016,0.00960698689956332,0.00291120815138282,0.157205240174672,0.141484716157205,0.000291120815138282,0.00786026200873362]},"CLOSED":{"old_value":["CLOSED","CLOSED","CLOSED","CLOSED","0","CLOSED","CLOSED","0","0"],"new_value":["ASSIGNED","CLOSED","MODIFIED","NEW","ON_DEV","ON_QA","POST","RELEASE_PENDING","VERIFIED"],"issue":[187,470,1,4,0,1,2,0,0],"f":[0.281203007518797,0.706766917293233,0.00150375939849624,0.00601503759398496,0,0.00150375939849624,0.00300751879699248,0,0]},"MODIFIED":{"old_value":["MODIFIED","MODIFIED","0","MODIFIED","MODIFIED","MODIFIED","MODIFIED","0","MODIFIED"],"new_value":["ASSIGNED","CLOSED","MODIFIED","NEW","ON_DEV","ON_QA","POST","RELEASE_PENDING","VERIFIED"],"issue":[30,369,0,4,17,322,31,0,56],"f":[0.0361881785283474,0.445114595898673,0,0.00482509047044632,0.0205066344993969,0.388419782870929,0.037394451145959,0,0.0675512665862485]},"NEW":{"old_value":["NEW","NEW","NEW","0","NEW","NEW","NEW","NEW","NEW"],"new_value":["ASSIGNED","CLOSED","MODIFIED","NEW","ON_DEV","ON_QA","POST","RELEASE_PENDING","VERIFIED"],"issue":[2805,888,179,0,7,100,221,3,4],"f":[0.666745899690991,0.21107677680057,0.0425481340622772,0,0.00166389351081531,0.0237699072973615,0.052531495127169,0.000713097218920846,0.000950796291894462]},"ON_DEV":{"old_value":["ON_DEV","ON_DEV","ON_DEV","0","0","ON_DEV","0","0","ON_DEV"],"new_value":["ASSIGNED","CLOSED","MODIFIED","NEW","ON_DEV","ON_QA","POST","RELEASE_PENDING","VERIFIED"],"issue":[2,5,11,0,0,35,0,0,3],"f":[0.0357142857142857,0.0892857142857143,0.196428571428571,0,0,0.625,0,0,0.0535714285714286]},"ON_QA":{"old_value":["ON_QA","ON_QA","ON_QA","ON_QA","ON_QA","0","ON_QA","0","ON_QA"],"new_value":["ASSIGNED","CLOSED","MODIFIED","NEW","ON_DEV","ON_QA","POST","RELEASE_PENDING","VERIFIED"],"issue":[34,445,87,1,22,0,6,0,410],"f":[0.0338308457711443,0.442786069651741,0.0865671641791045,0.00099502487562189,0.0218905472636816,0,0.00597014925373134,0,0.407960199004975]},"POST":{"old_value":["POST","POST","POST","POST","POST","POST","0","0","POST"],"new_value":["ASSIGNED","CLOSED","MODIFIED","NEW","ON_DEV","ON_QA","POST","RELEASE_PENDING","VERIFIED"],"issue":[15,82,484,3,2,37,0,0,2],"f":[0.024,0.1312,0.7744,0.0048,0.0032,0.0592,0,0,0.0032]},"RELEASE_PENDING":{"old_value":["0","RELEASE_PENDING","RELEASE_PENDING","0","0","0","0","0","0"],"new_value":["ASSIGNED","CLOSED","MODIFIED","NEW","ON_DEV","ON_QA","POST","RELEASE_PENDING","VERIFIED"],"issue":[0,1,3,0,0,0,0,0,0],"f":[0,0.25,0.75,0,0,0,0,0,0]},"VERIFIED":{"old_value":["VERIFIED","VERIFIED","VERIFIED","VERIFIED","VERIFIED","VERIFIED","VERIFIED","0","0"],"new_value":["ASSIGNED","CLOSED","MODIFIED","NEW","ON_DEV","ON_QA","POST","RELEASE_PENDING","VERIFIED"],"issue":[2,505,23,2,2,2,1,0,0],"f":[0.0037243947858473,0.940409683426443,0.042830540037244,0.0037243947858473,0.0037243947858473,0.0037243947858473,0.00186219739292365,0,0]}}