{"ASSIGNED":{"old_value":["ASSIGNED","ASSIGNED","ASSIGNED","ASSIGNED","ASSIGNED","ASSIGNED","ASSIGNED","ASSIGNED","ASSIGNED"],"new_value":["ASSIGNED","CLOSED","MODIFIED","NEW","ON_DEV","ON_QA","POST","RELEASE_PENDING","VERIFIED"],"issue":[24,1985,371,53,10,548,616,2,27],"f":[0.0066006600660066,0.545929592959296,0.102035203520352,0.0145764576457646,0.00275027502750275,0.150715071507151,0.169416941694169,0.00055005500550055,0.00742574257425743]},"CLOSED":{"old_value":["CLOSED","CLOSED","CLOSED","CLOSED","0","CLOSED","CLOSED","0","0"],"new_value":["ASSIGNED","CLOSED","MODIFIED","NEW","ON_DEV","ON_QA","POST","RELEASE_PENDING","VERIFIED"],"issue":[187,470,1,4,0,1,2,0,0],"f":[0.281203007518797,0.706766917293233,0.00150375939849624,0.00601503759398496,0,0.00150375939849624,0.00300751879699248,0,0]},"MODIFIED":{"old_value":["MODIFIED","MODIFIED","0","MODIFIED","MODIFIED","MODIFIED","MODIFIED","0","MODIFIED"],"new_value":["ASSIGNED","CLOSED","MODIFIED","NEW","ON_DEV","ON_QA","POST","RELEASE_PENDING","VERIFIED"],"issue":[33,373,0,4,17,685,48,0,57],"f":[0.0271158586688578,0.306491372226787,0,0.00328677074774034,0.0139687756778965,0.562859490550534,0.0394412489728841,0,0.0468364831552999]},"NEW":{"old_value":["NEW","NEW","NEW","0","NEW","NEW","NEW","NEW","NEW"],"new_value":["ASSIGNED","CLOSED","MODIFIED","NEW","ON_DEV","ON_QA","POST","RELEASE_PENDING","VERIFIED"],"issue":[2973,934,218,0,7,101,338,3,4],"f":[0.649410222804718,0.204019222367846,0.0476190476190476,0,0.00152905198776758,0.0220620358235037,0.0738313674093491,0.000655307994757536,0.000873743993010048]},"ON_DEV":{"old_value":["ON_DEV","ON_DEV","ON_DEV","0","0","ON_DEV","0","0","ON_DEV"],"new_value":["ASSIGNED","CLOSED","MODIFIED","NEW","ON_DEV","ON_QA","POST","RELEASE_PENDING","VERIFIED"],"issue":[2,6,11,0,0,35,0,0,3],"f":[0.0350877192982456,0.105263157894737,0.192982456140351,0,0,0.614035087719298,0,0,0.0526315789473684]},"ON_QA":{"old_value":["ON_QA","ON_QA","ON_QA","ON_QA","ON_QA","0","ON_QA","0","ON_QA"],"new_value":["ASSIGNED","CLOSED","MODIFIED","NEW","ON_DEV","ON_QA","POST","RELEASE_PENDING","VERIFIED"],"issue":[38,466,90,1,22,0,6,0,411],"f":[0.0367504835589942,0.450676982591876,0.0870406189555126,0.000967117988394584,0.0212765957446809,0,0.00580270793036751,0,0.397485493230174]},"POST":{"old_value":["POST","POST","POST","POST","POST","POST","0","0","POST"],"new_value":["ASSIGNED","CLOSED","MODIFIED","NEW","ON_DEV","ON_QA","POST","RELEASE_PENDING","VERIFIED"],"issue":[16,92,664,4,2,76,0,0,2],"f":[0.0186915887850467,0.107476635514019,0.775700934579439,0.00467289719626168,0.00233644859813084,0.088785046728972,0,0,0.00233644859813084]},"RELEASE_PENDING":{"old_value":["0","RELEASE_PENDING","RELEASE_PENDING","0","0","0","0","0","0"],"new_value":["ASSIGNED","CLOSED","MODIFIED","NEW","ON_DEV","ON_QA","POST","RELEASE_PENDING","VERIFIED"],"issue":[0,2,3,0,0,0,0,0,0],"f":[0,0.4,0.6,0,0,0,0,0,0]},"VERIFIED":{"old_value":["VERIFIED","VERIFIED","VERIFIED","VERIFIED","VERIFIED","VERIFIED","VERIFIED","0","0"],"new_value":["ASSIGNED","CLOSED","MODIFIED","NEW","ON_DEV","ON_QA","POST","RELEASE_PENDING","VERIFIED"],"issue":[2,505,24,2,2,2,1,0,0],"f":[0.00371747211895911,0.938661710037175,0.0446096654275093,0.00371747211895911,0.00371747211895911,0.00371747211895911,0.00185873605947955,0,0]}}