{"data":{"years":[2009,2010,2011,2012,2013,2014],"X0.99":[538757.880000001,874835.850000002,969027.02,814683.86,407780.12,1021],"X0.95":[331272,366421.75,840004.4,793835.05,265519.6,1021],"X0.5":[28751,20709.5,25585,511682,114029.5,1021],"X0.25":[8087,3328.25,5491.5,97192.25,46504.75,1021]},"labels":[0.99,0.95,0.5,0.25]}