{"data":{"years":[2009,2010,2011,2012,2013,2014],"X0.99":[538757.880000001,874835.850000002,969027.02,815532.82,407289.72,10044.91],"X0.95":[331272,366421.75,840004.4,793952.5,265416.4,8928.55],"X0.5":[28751,20709.5,25585,511693,118499,918],"X0.25":[8087,3328.25,5491.5,98366.75,47817.5,618.5]},"labels":[0.99,0.95,0.5,0.25]}