{"data":{"years":[2009,2010,2011,2012,2013],"X0.99":[538757.880000001,874835.850000002,969046.11,814265.15,283162.12],"X0.95":[331272,366421.75,840011.7,793643.5,252133.6],"X0.5":[28751,20709.5,25654.5,511682,114160],"X0.25":[8087,3328.25,5490.75,97192.25,46093]},"labels":[0.99,0.95,0.5,0.25]}