{"ASSIGNED":{"old_value":["ASSIGNED","ASSIGNED","ASSIGNED","ASSIGNED","ASSIGNED","ASSIGNED","ASSIGNED","ASSIGNED","ASSIGNED"],"new_value":["ASSIGNED","CLOSED","MODIFIED","NEW","ON_DEV","ON_QA","POST","RELEASE_PENDING","VERIFIED"],"issue":[24,1962,279,22,10,537,341,1,27],"f":[0.00749297533562285,0.612550733687168,0.0871058382766157,0.00686856072432095,0.00312207305650952,0.167655323134561,0.106462691226975,0.000312207305650952,0.00842959725257571]},"CLOSED":{"old_value":["CLOSED","CLOSED","CLOSED","CLOSED","0","CLOSED","CLOSED","0","0"],"new_value":["ASSIGNED","CLOSED","MODIFIED","NEW","ON_DEV","ON_QA","POST","RELEASE_PENDING","VERIFIED"],"issue":[185,470,1,3,0,1,2,0,0],"f":[0.279456193353474,0.709969788519637,0.00151057401812689,0.00453172205438067,0,0.00151057401812689,0.00302114803625378,0,0]},"MODIFIED":{"old_value":["MODIFIED","MODIFIED","0","MODIFIED","MODIFIED","MODIFIED","MODIFIED","0","MODIFIED"],"new_value":["ASSIGNED","CLOSED","MODIFIED","NEW","ON_DEV","ON_QA","POST","RELEASE_PENDING","VERIFIED"],"issue":[23,328,0,3,17,242,17,0,28],"f":[0.0349544072948328,0.498480243161094,0,0.00455927051671732,0.0258358662613982,0.367781155015198,0.0258358662613982,0,0.0425531914893617]},"NEW":{"old_value":["NEW","NEW","NEW","0","NEW","NEW","NEW","NEW","NEW"],"new_value":["ASSIGNED","CLOSED","MODIFIED","NEW","ON_DEV","ON_QA","POST","RELEASE_PENDING","VERIFIED"],"issue":[2643,854,132,0,7,97,125,3,4],"f":[0.683829236739974,0.220957309184994,0.0341526520051746,0,0.0018111254851229,0.0250970245795602,0.0323415265200517,0.000776196636481242,0.00103492884864166]},"ON_DEV":{"old_value":["ON_DEV","ON_DEV","ON_DEV","0","0","ON_DEV","0","0","ON_DEV"],"new_value":["ASSIGNED","CLOSED","MODIFIED","NEW","ON_DEV","ON_QA","POST","RELEASE_PENDING","VERIFIED"],"issue":[2,5,11,0,0,35,0,0,3],"f":[0.0357142857142857,0.0892857142857143,0.196428571428571,0,0,0.625,0,0,0.0535714285714286]},"ON_QA":{"old_value":["ON_QA","ON_QA","ON_QA","ON_QA","ON_QA","0","ON_QA","0","ON_QA"],"new_value":["ASSIGNED","CLOSED","MODIFIED","NEW","ON_DEV","ON_QA","POST","RELEASE_PENDING","VERIFIED"],"issue":[32,391,45,1,22,0,3,0,402],"f":[0.0357142857142857,0.436383928571429,0.0502232142857143,0.00111607142857143,0.0245535714285714,0,0.00334821428571429,0,0.448660714285714]},"POST":{"old_value":["POST","POST","POST","POST","POST","POST","0","0","POST"],"new_value":["ASSIGNED","CLOSED","MODIFIED","NEW","ON_DEV","ON_QA","POST","RELEASE_PENDING","VERIFIED"],"issue":[8,67,306,1,2,24,0,0,2],"f":[0.0195121951219512,0.163414634146341,0.746341463414634,0.0024390243902439,0.0048780487804878,0.0585365853658537,0,0,0.0048780487804878]},"RELEASE_PENDING":{"old_value":["0","RELEASE_PENDING","RELEASE_PENDING","0","0","0","0","0","0"],"new_value":["ASSIGNED","CLOSED","MODIFIED","NEW","ON_DEV","ON_QA","POST","RELEASE_PENDING","VERIFIED"],"issue":[0,1,3,0,0,0,0,0,0],"f":[0,0.25,0.75,0,0,0,0,0,0]},"VERIFIED":{"old_value":["VERIFIED","VERIFIED","VERIFIED","0","VERIFIED","VERIFIED","VERIFIED","0","0"],"new_value":["ASSIGNED","CLOSED","MODIFIED","NEW","ON_DEV","ON_QA","POST","RELEASE_PENDING","VERIFIED"],"issue":[2,488,3,0,2,1,1,0,0],"f":[0.00402414486921529,0.981891348088531,0.00603621730382294,0,0.00402414486921529,0.00201207243460765,0.00201207243460765,0,0]}}