{"ASSIGNED":{"old_value":["ASSIGNED","ASSIGNED","ASSIGNED","ASSIGNED","ASSIGNED","ASSIGNED","ASSIGNED","ASSIGNED","ASSIGNED"],"new_value":["ASSIGNED","CLOSED","MODIFIED","NEW","ON_DEV","ON_QA","POST","RELEASE_PENDING","VERIFIED"],"issue":[24,1974,340,33,10,540,485,1,27],"f":[0.0069889341875364,0.574839836924869,0.099009900990099,0.00960978450786255,0.0029120559114735,0.157251019219569,0.141234711706465,0.00029120559114735,0.00786255096097845]},"CLOSED":{"old_value":["CLOSED","CLOSED","CLOSED","CLOSED","0","CLOSED","CLOSED","0","0"],"new_value":["ASSIGNED","CLOSED","MODIFIED","NEW","ON_DEV","ON_QA","POST","RELEASE_PENDING","VERIFIED"],"issue":[187,470,1,4,0,1,2,0,0],"f":[0.281203007518797,0.706766917293233,0.00150375939849624,0.00601503759398496,0,0.00150375939849624,0.00300751879699248,0,0]},"MODIFIED":{"old_value":["MODIFIED","MODIFIED","0","MODIFIED","MODIFIED","MODIFIED","MODIFIED","0","MODIFIED"],"new_value":["ASSIGNED","CLOSED","MODIFIED","NEW","ON_DEV","ON_QA","POST","RELEASE_PENDING","VERIFIED"],"issue":[30,369,0,4,17,301,31,0,56],"f":[0.0371287128712871,0.456683168316832,0,0.00495049504950495,0.021039603960396,0.372524752475248,0.0383663366336634,0,0.0693069306930693]},"NEW":{"old_value":["NEW","NEW","NEW","0","NEW","NEW","NEW","NEW","NEW"],"new_value":["ASSIGNED","CLOSED","MODIFIED","NEW","ON_DEV","ON_QA","POST","RELEASE_PENDING","VERIFIED"],"issue":[2805,887,179,0,7,100,221,3,4],"f":[0.666904422253923,0.210889205896339,0.0425582501188778,0,0.0016642891107941,0.0237755587256301,0.0525439847836424,0.000713266761768902,0.000951022349025202]},"ON_DEV":{"old_value":["ON_DEV","ON_DEV","ON_DEV","0","0","ON_DEV","0","0","ON_DEV"],"new_value":["ASSIGNED","CLOSED","MODIFIED","NEW","ON_DEV","ON_QA","POST","RELEASE_PENDING","VERIFIED"],"issue":[2,5,11,0,0,35,0,0,3],"f":[0.0357142857142857,0.0892857142857143,0.196428571428571,0,0,0.625,0,0,0.0535714285714286]},"ON_QA":{"old_value":["ON_QA","ON_QA","ON_QA","ON_QA","ON_QA","0","ON_QA","0","ON_QA"],"new_value":["ASSIGNED","CLOSED","MODIFIED","NEW","ON_DEV","ON_QA","POST","RELEASE_PENDING","VERIFIED"],"issue":[34,445,87,1,22,0,6,0,410],"f":[0.0338308457711443,0.442786069651741,0.0865671641791045,0.00099502487562189,0.0218905472636816,0,0.00597014925373134,0,0.407960199004975]},"POST":{"old_value":["POST","POST","POST","POST","POST","POST","0","0","POST"],"new_value":["ASSIGNED","CLOSED","MODIFIED","NEW","ON_DEV","ON_QA","POST","RELEASE_PENDING","VERIFIED"],"issue":[15,82,482,3,2,37,0,0,2],"f":[0.0240770465489567,0.131621187800963,0.773675762439807,0.00481540930979133,0.00321027287319422,0.0593900481540931,0,0,0.00321027287319422]},"RELEASE_PENDING":{"old_value":["0","RELEASE_PENDING","RELEASE_PENDING","0","0","0","0","0","0"],"new_value":["ASSIGNED","CLOSED","MODIFIED","NEW","ON_DEV","ON_QA","POST","RELEASE_PENDING","VERIFIED"],"issue":[0,1,3,0,0,0,0,0,0],"f":[0,0.25,0.75,0,0,0,0,0,0]},"VERIFIED":{"old_value":["VERIFIED","VERIFIED","VERIFIED","VERIFIED","VERIFIED","VERIFIED","VERIFIED","0","0"],"new_value":["ASSIGNED","CLOSED","MODIFIED","NEW","ON_DEV","ON_QA","POST","RELEASE_PENDING","VERIFIED"],"issue":[2,505,23,2,2,2,1,0,0],"f":[0.0037243947858473,0.940409683426443,0.042830540037244,0.0037243947858473,0.0037243947858473,0.0037243947858473,0.00186219739292365,0,0]}}