{"ASSIGNED":{"old_value":["ASSIGNED","ASSIGNED","ASSIGNED","ASSIGNED","ASSIGNED","ASSIGNED","ASSIGNED","ASSIGNED","ASSIGNED"],"new_value":["ASSIGNED","CLOSED","MODIFIED","NEW","ON_DEV","ON_QA","POST","RELEASE_PENDING","VERIFIED"],"issue":[24,1982,366,36,10,548,586,2,27],"f":[0.00670203853672159,0.553476682490924,0.102206087685004,0.0100530578050824,0.00279251605696733,0.15302987992181,0.163641440938285,0.000558503211393465,0.00753979335381178]},"CLOSED":{"old_value":["CLOSED","CLOSED","CLOSED","CLOSED","0","CLOSED","CLOSED","0","0"],"new_value":["ASSIGNED","CLOSED","MODIFIED","NEW","ON_DEV","ON_QA","POST","RELEASE_PENDING","VERIFIED"],"issue":[187,470,1,4,0,1,2,0,0],"f":[0.281203007518797,0.706766917293233,0.00150375939849624,0.00601503759398496,0,0.00150375939849624,0.00300751879699248,0,0]},"MODIFIED":{"old_value":["MODIFIED","MODIFIED","0","MODIFIED","MODIFIED","MODIFIED","MODIFIED","0","MODIFIED"],"new_value":["ASSIGNED","CLOSED","MODIFIED","NEW","ON_DEV","ON_QA","POST","RELEASE_PENDING","VERIFIED"],"issue":[33,373,0,4,17,662,47,0,57],"f":[0.027661357921207,0.312657166806371,0,0.00335289186923722,0.0142497904442582,0.554903604358759,0.0393964794635373,0,0.0477787091366303]},"NEW":{"old_value":["NEW","NEW","NEW","0","NEW","NEW","NEW","NEW","NEW"],"new_value":["ASSIGNED","CLOSED","MODIFIED","NEW","ON_DEV","ON_QA","POST","RELEASE_PENDING","VERIFIED"],"issue":[2935,908,212,0,7,100,326,3,4],"f":[0.652947719688543,0.202002224694105,0.0471635150166852,0,0.00155728587319244,0.0222469410456062,0.0725250278086763,0.000667408231368187,0.000889877641824249]},"ON_DEV":{"old_value":["ON_DEV","ON_DEV","ON_DEV","0","0","ON_DEV","0","0","ON_DEV"],"new_value":["ASSIGNED","CLOSED","MODIFIED","NEW","ON_DEV","ON_QA","POST","RELEASE_PENDING","VERIFIED"],"issue":[2,5,11,0,0,35,0,0,3],"f":[0.0357142857142857,0.0892857142857143,0.196428571428571,0,0,0.625,0,0,0.0535714285714286]},"ON_QA":{"old_value":["ON_QA","ON_QA","ON_QA","ON_QA","ON_QA","0","ON_QA","0","ON_QA"],"new_value":["ASSIGNED","CLOSED","MODIFIED","NEW","ON_DEV","ON_QA","POST","RELEASE_PENDING","VERIFIED"],"issue":[37,466,90,1,22,0,6,0,411],"f":[0.0358180058083253,0.451113262342691,0.0871248789932236,0.000968054211035818,0.021297192642788,0,0.00580832526621491,0,0.397870280735721]},"POST":{"old_value":["POST","POST","POST","POST","POST","POST","0","0","POST"],"new_value":["ASSIGNED","CLOSED","MODIFIED","NEW","ON_DEV","ON_QA","POST","RELEASE_PENDING","VERIFIED"],"issue":[16,90,619,3,2,76,0,0,2],"f":[0.0198019801980198,0.111386138613861,0.766089108910891,0.00371287128712871,0.00247524752475248,0.0940594059405941,0,0,0.00247524752475248]},"RELEASE_PENDING":{"old_value":["0","RELEASE_PENDING","RELEASE_PENDING","0","0","0","0","0","0"],"new_value":["ASSIGNED","CLOSED","MODIFIED","NEW","ON_DEV","ON_QA","POST","RELEASE_PENDING","VERIFIED"],"issue":[0,2,3,0,0,0,0,0,0],"f":[0,0.4,0.6,0,0,0,0,0,0]},"VERIFIED":{"old_value":["VERIFIED","VERIFIED","VERIFIED","VERIFIED","VERIFIED","VERIFIED","VERIFIED","0","0"],"new_value":["ASSIGNED","CLOSED","MODIFIED","NEW","ON_DEV","ON_QA","POST","RELEASE_PENDING","VERIFIED"],"issue":[2,505,24,2,2,2,1,0,0],"f":[0.00371747211895911,0.938661710037175,0.0446096654275093,0.00371747211895911,0.00371747211895911,0.00371747211895911,0.00185873605947955,0,0]}}