{"data":{"years":[2009,2010,2011,2012,2013,2014],"X0.99":[538757.880000001,874835.850000002,1395019.5,1054921.92,753905.52,342772.84],"X0.95":[331272,366421.75,848331.5,808525.25,639580.4,213013.15],"X0.5":[28751,20709.5,26644,523272.5,254334,59099.5],"X0.25":[8087,3328.25,5552.75,110850,148277,21636.75]},"labels":[0.99,0.95,0.5,0.25]}