{"data":{"years":[2009,2010,2011,2012,2013,2014],"X0.99":[538757.880000001,874835.850000002,969027.02,814671.8,407387.8,1011.08],"X0.95":[331272,366421.75,840004.4,793823.5,265459,971.4],"X0.5":[28751,20709.5,25585,511688,119181,525],"X0.25":[8087,3328.25,5491.5,97779.5,47778.75,277]},"labels":[0.99,0.95,0.5,0.25]}