{"data":{"years":[2009,2010,2011,2012,2013,2014],"X0.99":[538757.880000001,874835.850000002,1472982.52,1089404.04,771738.03,358974.5],"X0.95":[331272,366421.75,848425.8,809622.4,643788,232855.5],"X0.5":[28751,20709.5,26794,524407,254839,58682],"X0.25":[8087,3328.25,5554,111336,148502,21646.5]},"labels":[0.99,0.95,0.5,0.25]}