{"data":{"years":[2009,2010,2011,2012,2013,2014],"X0.99":[538757.880000001,874835.850000002,1171856.79,1038590.65,690193,229540.68],"X0.95":[331272,366421.75,847506.95,805896.75,574091,185646.5],"X0.5":[28751,20709.5,26215.5,521642,247118,57746.5],"X0.25":[8087,3328.25,5540,110056.75,133152,21656.25]},"labels":[0.99,0.95,0.5,0.25]}