{"data":{"X0.99":[907.8,7487.8,11790.72,10199.91,8563.84999999999,4432.19999999999,8195,6025.45,14039.6399999999,7763.88,8271.62,13080.64,12875.8,6945.6,21462.97,9251.39,7270.56999999998,8466.2,23059.07,9746.39,14252.12,11269.4,7986.45,20136.24,27755.71,22178.28,17468.14,14853.7199999999,24440.4,25817,14491.84,20592.88,13653.04,12945.14,18216.53,17542.64,15201.26,18843.89,17277.25,18843.93,16752,16212.04,12502,13623.24,14832.6,13149.08,11979.25,12671.66,10961.5,11440,10975.55,9649.64,8247.26,7927.53999999999,7593.28,6035.56,6075.92,5683.37,2991.95,4032.09,3145.8,1339.9,2318.76,810.5,956.44,487.08],"X0.95":[871,6001,5684.7,7622.8,3900.6,2404,2910.6,4741.74999999998,4239.19999999998,5350.49999999999,5572.4,6554.59999999999,6555,4919.8,8031.25,3538.75,3943.04999999999,7915.5,14416,6088.45,5187.4,5192,4715.75,13213.4,16718.15,15912,8049.7,7089.1,12219.1,15508.25,10524,14187.3,13605.7,12862.6,12245.2,14741.7999999999,10713.7,11044.9,9251.5,14756.15,14861,15321.8,12217.8,11917.6,13532,10811.95,11648.75,10907,10267.5,11423.9,10543.1,8263.8,7473.3,6395.1,6618.45,5532.2,5946.3,5401.3,2855.75,1996.55,1997,1127.5,2197.8,800.5,914.2,447.4],"X0.5":[457,1513,1061.5,2052.5,195.5,555,218,334,270,216,537,369,1305,1511,569,306.5,63.5,246,738,719.5,441,334,325.5,206,502.5,481,245.5,521,258,672.5,268,13738,13138,12296,11601.5,11022,10172.5,9551.5,8694,8270.5,7282,6900,5937.5,5329,4377,3733.5,3250,2681,1878.5,1139,6454.5,5854,5203,4454,3700,3217,1967.5,1772,981.5,1628.5,1107,816,568,688,124,1],"X0.25":[227,179.5,138.75,524,90.5,177,115,44.75,64,122.75,156,132,137,670,148.25,48.75,17,40.5,106,36.25,191,99,94.25,44,155,119,37.75,127,65,181.75,129.25,2179.5,1438,993.5,694.25,2039,3819.75,3233.5,4569.75,6457.5,7184.5,6658,5670,3446.5,954.5,3520.5,3004,2385,1656.75,828.5,6245.75,5492,4874,4135,3420.75,3038.5,1684,114.25,607.5,712.75,815,442,252.5,400.5,22,0.5],"period":[24113,24114,24115,24116,24117,24118,24119,24120,24121,24122,24123,24124,24125,24126,24127,24128,24129,24130,24131,24132,24133,24134,24135,24136,24137,24138,24139,24140,24141,24142,24143,24144,24145,24146,24147,24148,24149,24150,24151,24152,24153,24154,24155,24156,24157,24158,24159,24160,24161,24162,24163,24164,24165,24166,24167,24168,24169,24170,24171,24172,24173,24174,24175,24176,24177,24178],"year":[2009,2009,2009,2009,2009,2009,2010,2010,2010,2010,2010,2010,2010,2010,2010,2010,2010,2010,2011,2011,2011,2011,2011,2011,2011,2011,2011,2011,2011,2011,2012,2012,2012,2012,2012,2012,2012,2012,2012,2012,2012,2012,2013,2013,2013,2013,2013,2013,2013,2013,2013,2013,2013,2013,2014,2014,2014,2014,2014,2014,2014,2014,2014,2014,2014,2014],"month":[7,8,9,10,11,12,1,2,3,4,5,6,7,8,9,10,11,12,1,2,3,4,5,6,7,8,9,10,11,12,1,2,3,4,5,6,7,8,9,10,11,12,1,2,3,4,5,6,7,8,9,10,11,12,1,2,3,4,5,6,7,8,9,10,11,12],"date":["Jul 2009","Aug 2009","Sep 2009","Oct 2009","Nov 2009","Dec 2009","Jan 2010","Feb 2010","Mar 2010","Apr 2010","May 2010","Jun 2010","Jul 2010","Aug 2010","Sep 2010","Oct 2010","Nov 2010","Dec 2010","Jan 2011","Feb 2011","Mar 2011","Apr 2011","May 2011","Jun 2011","Jul 2011","Aug 2011","Sep 2011","Oct 2011","Nov 2011","Dec 2011","Jan 2012","Feb 2012","Mar 2012","Apr 2012","May 2012","Jun 2012","Jul 2012","Aug 2012","Sep 2012","Oct 2012","Nov 2012","Dec 2012","Jan 2013","Feb 2013","Mar 2013","Apr 2013","May 2013","Jun 2013","Jul 2013","Aug 2013","Sep 2013","Oct 2013","Nov 2013","Dec 2013","Jan 2014","Feb 2014","Mar 2014","Apr 2014","May 2014","Jun 2014","Jul 2014","Aug 2014","Sep 2014","Oct 2014","Nov 2014","Dec 2014"]},"labels":[0.99,0.95,0.5,0.25]}