{"data":{"years":[2009,2010,2011,2012,2013,2014],"X0.99":[538757.880000001,874835.850000002,1118548.43,929883.53,597640.4,151372.84],"X0.95":[331272,366421.75,847047.05,798503.15,545359.2,125867.3],"X0.5":[28751,20709.5,25841,521158.5,220752,19784.5],"X0.25":[8087,3328.25,5522,105668.5,112255,4888.5]},"labels":[0.99,0.95,0.5,0.25]}