{"data":{"years":[2009,2010,2011,2012,2013,2014],"X0.99":[538757.880000001,874835.850000002,1171856.79,1038514.16,702404.56,262453.72],"X0.95":[331272,366421.75,847506.95,806863.2,594814,194361.1],"X0.5":[28751,20709.5,26215.5,521643,248997,56142.5],"X0.25":[8087,3328.25,5540,110213,134643,20261.25]},"labels":[0.99,0.95,0.5,0.25]}