{"ASSIGNED":{"old_value":["ASSIGNED","ASSIGNED","ASSIGNED","ASSIGNED","ASSIGNED","ASSIGNED","ASSIGNED","0","ASSIGNED"],"new_value":["ASSIGNED","CLOSED","MODIFIED","NEW","ON_DEV","ON_QA","POST","RELEASE_PENDING","VERIFIED"],"issue":[24,1913,240,22,10,527,272,0,25],"f":[0.00791295746785361,0.630728651500165,0.0791295746785361,0.00725354434553248,0.00329706561160567,0.173755357731619,0.0896801846356742,0,0.00824266402901418]},"CLOSED":{"old_value":["CLOSED","CLOSED","0","CLOSED","0","CLOSED","CLOSED","0","0"],"new_value":["ASSIGNED","CLOSED","MODIFIED","NEW","ON_DEV","ON_QA","POST","RELEASE_PENDING","VERIFIED"],"issue":[180,469,0,1,0,1,2,0,0],"f":[0.275650842266462,0.718223583460949,0,0.00153139356814701,0,0.00153139356814701,0.00306278713629403,0,0]},"MODIFIED":{"old_value":["MODIFIED","MODIFIED","0","MODIFIED","MODIFIED","MODIFIED","MODIFIED","0","MODIFIED"],"new_value":["ASSIGNED","CLOSED","MODIFIED","NEW","ON_DEV","ON_QA","POST","RELEASE_PENDING","VERIFIED"],"issue":[11,197,0,2,17,217,14,0,5],"f":[0.0237580993520518,0.42548596112311,0,0.00431965442764579,0.0367170626349892,0.468682505399568,0.0302375809935205,0,0.0107991360691145]},"NEW":{"old_value":["NEW","NEW","NEW","0","NEW","NEW","NEW","NEW","NEW"],"new_value":["ASSIGNED","CLOSED","MODIFIED","NEW","ON_DEV","ON_QA","POST","RELEASE_PENDING","VERIFIED"],"issue":[2542,791,104,0,7,93,87,2,4],"f":[0.700275482093664,0.217906336088154,0.0286501377410468,0,0.00192837465564738,0.0256198347107438,0.0239669421487603,0.000550964187327824,0.00110192837465565]},"ON_DEV":{"old_value":["ON_DEV","ON_DEV","ON_DEV","0","0","ON_DEV","0","0","ON_DEV"],"new_value":["ASSIGNED","CLOSED","MODIFIED","NEW","ON_DEV","ON_QA","POST","RELEASE_PENDING","VERIFIED"],"issue":[2,5,11,0,0,35,0,0,3],"f":[0.0357142857142857,0.0892857142857143,0.196428571428571,0,0,0.625,0,0,0.0535714285714286]},"ON_QA":{"old_value":["ON_QA","ON_QA","ON_QA","0","ON_QA","0","ON_QA","0","ON_QA"],"new_value":["ASSIGNED","CLOSED","MODIFIED","NEW","ON_DEV","ON_QA","POST","RELEASE_PENDING","VERIFIED"],"issue":[32,371,43,0,22,0,3,0,393],"f":[0.037037037037037,0.429398148148148,0.0497685185185185,0,0.025462962962963,0,0.00347222222222222,0,0.454861111111111]},"POST":{"old_value":["POST","POST","POST","0","POST","POST","0","0","0"],"new_value":["ASSIGNED","CLOSED","MODIFIED","NEW","ON_DEV","ON_QA","POST","RELEASE_PENDING","VERIFIED"],"issue":[5,6,249,0,2,13,0,0,0],"f":[0.0181818181818182,0.0218181818181818,0.905454545454545,0,0.00727272727272727,0.0472727272727273,0,0,0]},"RELEASE_PENDING":{"old_value":["0","RELEASE_PENDING","RELEASE_PENDING","0","0","0","0","0","0"],"new_value":["ASSIGNED","CLOSED","MODIFIED","NEW","ON_DEV","ON_QA","POST","RELEASE_PENDING","VERIFIED"],"issue":[0,1,1,0,0,0,0,0,0],"f":[0,0.5,0.5,0,0,0,0,0,0]},"VERIFIED":{"old_value":["VERIFIED","VERIFIED","VERIFIED","0","VERIFIED","VERIFIED","VERIFIED","0","0"],"new_value":["ASSIGNED","CLOSED","MODIFIED","NEW","ON_DEV","ON_QA","POST","RELEASE_PENDING","VERIFIED"],"issue":[2,462,3,0,2,1,1,0,0],"f":[0.00424628450106157,0.980891719745223,0.00636942675159236,0,0.00424628450106157,0.00212314225053079,0.00212314225053079,0,0]}}