{"ASSIGNED":{"old_value":["ASSIGNED","ASSIGNED","ASSIGNED","ASSIGNED","ASSIGNED","ASSIGNED","ASSIGNED","ASSIGNED","ASSIGNED"],"new_value":["ASSIGNED","CLOSED","MODIFIED","NEW","ON_DEV","ON_QA","POST","RELEASE_PENDING","VERIFIED"],"issue":[24,1925,270,22,10,533,308,1,27],"f":[0.00769230769230769,0.61698717948718,0.0865384615384615,0.00705128205128205,0.00320512820512821,0.170833333333333,0.0987179487179487,0.000320512820512821,0.00865384615384615]},"CLOSED":{"old_value":["CLOSED","CLOSED","CLOSED","CLOSED","0","CLOSED","CLOSED","0","0"],"new_value":["ASSIGNED","CLOSED","MODIFIED","NEW","ON_DEV","ON_QA","POST","RELEASE_PENDING","VERIFIED"],"issue":[184,470,1,1,0,1,2,0,0],"f":[0.279210925644917,0.713201820940819,0.00151745068285281,0.00151745068285281,0,0.00151745068285281,0.00303490136570561,0,0]},"MODIFIED":{"old_value":["MODIFIED","MODIFIED","0","MODIFIED","MODIFIED","MODIFIED","MODIFIED","0","MODIFIED"],"new_value":["ASSIGNED","CLOSED","MODIFIED","NEW","ON_DEV","ON_QA","POST","RELEASE_PENDING","VERIFIED"],"issue":[20,199,0,3,17,225,14,0,27],"f":[0.0396039603960396,0.394059405940594,0,0.00594059405940594,0.0336633663366337,0.445544554455446,0.0277227722772277,0,0.0534653465346535]},"NEW":{"old_value":["NEW","NEW","NEW","0","NEW","NEW","NEW","NEW","NEW"],"new_value":["ASSIGNED","CLOSED","MODIFIED","NEW","ON_DEV","ON_QA","POST","RELEASE_PENDING","VERIFIED"],"issue":[2608,813,123,0,7,94,108,3,4],"f":[0.693617021276596,0.216223404255319,0.0327127659574468,0,0.00186170212765957,0.025,0.0287234042553191,0.000797872340425532,0.00106382978723404]},"ON_DEV":{"old_value":["ON_DEV","ON_DEV","ON_DEV","0","0","ON_DEV","0","0","ON_DEV"],"new_value":["ASSIGNED","CLOSED","MODIFIED","NEW","ON_DEV","ON_QA","POST","RELEASE_PENDING","VERIFIED"],"issue":[2,5,11,0,0,35,0,0,3],"f":[0.0357142857142857,0.0892857142857143,0.196428571428571,0,0,0.625,0,0,0.0535714285714286]},"ON_QA":{"old_value":["ON_QA","ON_QA","ON_QA","ON_QA","ON_QA","0","ON_QA","0","ON_QA"],"new_value":["ASSIGNED","CLOSED","MODIFIED","NEW","ON_DEV","ON_QA","POST","RELEASE_PENDING","VERIFIED"],"issue":[32,376,44,1,22,0,3,0,401],"f":[0.0364050056882821,0.427758816837315,0.0500568828213879,0.00113765642775882,0.025028441410694,0,0.00341296928327645,0,0.456200227531286]},"POST":{"old_value":["POST","POST","POST","POST","POST","POST","0","0","POST"],"new_value":["ASSIGNED","CLOSED","MODIFIED","NEW","ON_DEV","ON_QA","POST","RELEASE_PENDING","VERIFIED"],"issue":[7,8,281,1,2,14,0,0,2],"f":[0.0222222222222222,0.0253968253968254,0.892063492063492,0.00317460317460317,0.00634920634920635,0.0444444444444444,0,0,0.00634920634920635]},"RELEASE_PENDING":{"old_value":["0","RELEASE_PENDING","RELEASE_PENDING","0","0","0","0","0","0"],"new_value":["ASSIGNED","CLOSED","MODIFIED","NEW","ON_DEV","ON_QA","POST","RELEASE_PENDING","VERIFIED"],"issue":[0,1,3,0,0,0,0,0,0],"f":[0,0.25,0.75,0,0,0,0,0,0]},"VERIFIED":{"old_value":["VERIFIED","VERIFIED","VERIFIED","0","VERIFIED","VERIFIED","VERIFIED","0","0"],"new_value":["ASSIGNED","CLOSED","MODIFIED","NEW","ON_DEV","ON_QA","POST","RELEASE_PENDING","VERIFIED"],"issue":[2,480,3,0,2,1,1,0,0],"f":[0.00408997955010225,0.98159509202454,0.00613496932515337,0,0.00408997955010225,0.00204498977505112,0.00204498977505112,0,0]}}