{"ASSIGNED":{"old_value":["ASSIGNED","ASSIGNED","ASSIGNED","ASSIGNED","ASSIGNED","ASSIGNED","ASSIGNED","ASSIGNED","ASSIGNED"],"new_value":["ASSIGNED","CLOSED","MODIFIED","NEW","ON_DEV","ON_QA","POST","RELEASE_PENDING","VERIFIED"],"issue":[24,2045,383,60,10,548,681,2,28],"f":[0.00634752710923036,0.54086220576567,0.101295953451468,0.0158688177730759,0.00264480296217932,0.144935202327427,0.180111081724412,0.000528960592435864,0.00740544829410209]},"CLOSED":{"old_value":["CLOSED","CLOSED","CLOSED","CLOSED","0","CLOSED","CLOSED","0","0"],"new_value":["ASSIGNED","CLOSED","MODIFIED","NEW","ON_DEV","ON_QA","POST","RELEASE_PENDING","VERIFIED"],"issue":[189,470,1,5,0,1,3,0,0],"f":[0.282511210762332,0.70254110612855,0.00149476831091181,0.00747384155455904,0,0.00149476831091181,0.00448430493273543,0,0]},"MODIFIED":{"old_value":["MODIFIED","MODIFIED","0","MODIFIED","MODIFIED","MODIFIED","MODIFIED","0","MODIFIED"],"new_value":["ASSIGNED","CLOSED","MODIFIED","NEW","ON_DEV","ON_QA","POST","RELEASE_PENDING","VERIFIED"],"issue":[34,393,0,5,17,695,51,0,57],"f":[0.0271565495207668,0.313897763578275,0,0.00399361022364217,0.0135782747603834,0.555111821086262,0.0407348242811502,0,0.0455271565495208]},"NEW":{"old_value":["NEW","NEW","NEW","0","NEW","NEW","NEW","NEW","NEW"],"new_value":["ASSIGNED","CLOSED","MODIFIED","NEW","ON_DEV","ON_QA","POST","RELEASE_PENDING","VERIFIED"],"issue":[3073,994,242,0,7,103,423,3,5],"f":[0.63360824742268,0.204948453608247,0.0498969072164948,0,0.00144329896907216,0.0212371134020619,0.0872164948453608,0.000618556701030928,0.00103092783505155]},"ON_DEV":{"old_value":["ON_DEV","ON_DEV","ON_DEV","0","0","ON_DEV","ON_DEV","0","ON_DEV"],"new_value":["ASSIGNED","CLOSED","MODIFIED","NEW","ON_DEV","ON_QA","POST","RELEASE_PENDING","VERIFIED"],"issue":[3,6,11,0,0,35,2,0,3],"f":[0.05,0.1,0.183333333333333,0,0,0.583333333333333,0.0333333333333333,0,0.05]},"ON_QA":{"old_value":["ON_QA","ON_QA","ON_QA","ON_QA","ON_QA","0","ON_QA","0","ON_QA"],"new_value":["ASSIGNED","CLOSED","MODIFIED","NEW","ON_DEV","ON_QA","POST","RELEASE_PENDING","VERIFIED"],"issue":[39,872,90,1,22,0,6,0,411],"f":[0.0270645385149202,0.605135322692575,0.0624566273421235,0.000693962526023595,0.0152671755725191,0,0.00416377515614157,0,0.285218598195697]},"POST":{"old_value":["POST","POST","POST","POST","POST","POST","0","0","POST"],"new_value":["ASSIGNED","CLOSED","MODIFIED","NEW","ON_DEV","ON_QA","POST","RELEASE_PENDING","VERIFIED"],"issue":[16,106,763,4,2,77,0,0,2],"f":[0.0164948453608247,0.109278350515464,0.78659793814433,0.00412371134020619,0.00206185567010309,0.0793814432989691,0,0,0.00206185567010309]},"RELEASE_PENDING":{"old_value":["0","RELEASE_PENDING","RELEASE_PENDING","0","0","0","0","0","0"],"new_value":["ASSIGNED","CLOSED","MODIFIED","NEW","ON_DEV","ON_QA","POST","RELEASE_PENDING","VERIFIED"],"issue":[0,2,3,0,0,0,0,0,0],"f":[0,0.4,0.6,0,0,0,0,0,0]},"VERIFIED":{"old_value":["VERIFIED","VERIFIED","VERIFIED","VERIFIED","VERIFIED","VERIFIED","VERIFIED","0","0"],"new_value":["ASSIGNED","CLOSED","MODIFIED","NEW","ON_DEV","ON_QA","POST","RELEASE_PENDING","VERIFIED"],"issue":[2,510,24,2,2,2,1,0,0],"f":[0.00368324125230203,0.939226519337017,0.0441988950276243,0.00368324125230203,0.00368324125230203,0.00368324125230203,0.00184162062615101,0,0]}}