{"data":{"years":[2009,2010,2011,2012,2013],"X0.99":[538757.880000001,874835.850000002,969046.11,814263.08,308610.73],"X0.95":[331272,366421.75,840011.7,793604.8,256323.7],"X0.5":[28751,20709.5,25654.5,511676,114029.5],"X0.25":[8087,3328.25,5490.75,96605,39474.5]},"labels":[0.99,0.95,0.5,0.25]}