{"ASSIGNED":{"old_value":["ASSIGNED","ASSIGNED","ASSIGNED","ASSIGNED","ASSIGNED","ASSIGNED","ASSIGNED","0","ASSIGNED"],"new_value":["ASSIGNED","CLOSED","MODIFIED","NEW","ON_DEV","ON_QA","POST","RELEASE_PENDING","VERIFIED"],"issue":[24,1922,261,22,10,532,300,0,27],"f":[0.00774693350548741,0.620400258231117,0.0842479018721756,0.00710135571336346,0.00322788896061975,0.171723692704971,0.0968366688185926,0,0.00871530019367334]},"CLOSED":{"old_value":["CLOSED","CLOSED","CLOSED","CLOSED","0","CLOSED","CLOSED","0","0"],"new_value":["ASSIGNED","CLOSED","MODIFIED","NEW","ON_DEV","ON_QA","POST","RELEASE_PENDING","VERIFIED"],"issue":[184,470,1,1,0,1,2,0,0],"f":[0.279210925644917,0.713201820940819,0.00151745068285281,0.00151745068285281,0,0.00151745068285281,0.00303490136570561,0,0]},"MODIFIED":{"old_value":["MODIFIED","MODIFIED","0","MODIFIED","MODIFIED","MODIFIED","MODIFIED","0","MODIFIED"],"new_value":["ASSIGNED","CLOSED","MODIFIED","NEW","ON_DEV","ON_QA","POST","RELEASE_PENDING","VERIFIED"],"issue":[19,199,0,2,17,220,14,0,22],"f":[0.0385395537525355,0.403651115618661,0,0.00405679513184584,0.0344827586206897,0.446247464503043,0.0283975659229209,0,0.0446247464503043]},"NEW":{"old_value":["NEW","NEW","NEW","0","NEW","NEW","NEW","NEW","NEW"],"new_value":["ASSIGNED","CLOSED","MODIFIED","NEW","ON_DEV","ON_QA","POST","RELEASE_PENDING","VERIFIED"],"issue":[2592,806,119,0,7,94,98,2,4],"f":[0.696399785061795,0.216550241805481,0.0319720580333154,0,0.00188070929607738,0.0252552391187534,0.0263299301450833,0.000537345513164965,0.00107469102632993]},"ON_DEV":{"old_value":["ON_DEV","ON_DEV","ON_DEV","0","0","ON_DEV","0","0","ON_DEV"],"new_value":["ASSIGNED","CLOSED","MODIFIED","NEW","ON_DEV","ON_QA","POST","RELEASE_PENDING","VERIFIED"],"issue":[2,5,11,0,0,35,0,0,3],"f":[0.0357142857142857,0.0892857142857143,0.196428571428571,0,0,0.625,0,0,0.0535714285714286]},"ON_QA":{"old_value":["ON_QA","ON_QA","ON_QA","ON_QA","ON_QA","0","ON_QA","0","ON_QA"],"new_value":["ASSIGNED","CLOSED","MODIFIED","NEW","ON_DEV","ON_QA","POST","RELEASE_PENDING","VERIFIED"],"issue":[32,376,44,1,22,0,3,0,401],"f":[0.0364050056882821,0.427758816837315,0.0500568828213879,0.00113765642775882,0.025028441410694,0,0.00341296928327645,0,0.456200227531286]},"POST":{"old_value":["POST","POST","POST","POST","POST","POST","0","0","POST"],"new_value":["ASSIGNED","CLOSED","MODIFIED","NEW","ON_DEV","ON_QA","POST","RELEASE_PENDING","VERIFIED"],"issue":[6,7,273,1,2,14,0,0,1],"f":[0.0197368421052632,0.0230263157894737,0.898026315789474,0.00328947368421053,0.00657894736842105,0.0460526315789474,0,0,0.00328947368421053]},"RELEASE_PENDING":{"old_value":["0","RELEASE_PENDING","RELEASE_PENDING","0","0","0","0","0","0"],"new_value":["ASSIGNED","CLOSED","MODIFIED","NEW","ON_DEV","ON_QA","POST","RELEASE_PENDING","VERIFIED"],"issue":[0,1,1,0,0,0,0,0,0],"f":[0,0.5,0.5,0,0,0,0,0,0]},"VERIFIED":{"old_value":["VERIFIED","VERIFIED","VERIFIED","0","VERIFIED","VERIFIED","VERIFIED","0","0"],"new_value":["ASSIGNED","CLOSED","MODIFIED","NEW","ON_DEV","ON_QA","POST","RELEASE_PENDING","VERIFIED"],"issue":[2,480,3,0,2,1,1,0,0],"f":[0.00408997955010225,0.98159509202454,0.00613496932515337,0,0.00408997955010225,0.00204498977505112,0.00204498977505112,0,0]}}