{"data":{"years":[2009,2010,2011,2012,2013,2014],"X0.99":[538757.880000001,874835.850000002,1171856.79,1042379.89,744055.2,307911.45],"X0.95":[331272,366421.75,847506.95,806918.7,597528.75,207582.25],"X0.5":[28751,20709.5,26215.5,521795,251322,58863],"X0.25":[8087,3328.25,5540,110331.75,140931,21466.5]},"labels":[0.99,0.95,0.5,0.25]}