{"data":{"years":[2009,2010,2011,2012,2013],"X0.99":[538757.880000001,874835.850000002,969027.02,814263.08,334491.16],"X0.95":[331272,366421.75,840004.4,793604.8,259863.2],"X0.5":[28751,20709.5,25585,511676,114160],"X0.25":[8087,3328.25,5491.5,96605,39520]},"labels":[0.99,0.95,0.5,0.25]}