{"ASSIGNED":{"old_value":["ASSIGNED","ASSIGNED","ASSIGNED","ASSIGNED","ASSIGNED","ASSIGNED","ASSIGNED","ASSIGNED","ASSIGNED"],"new_value":["ASSIGNED","CLOSED","MODIFIED","NEW","ON_DEV","ON_QA","POST","RELEASE_PENDING","VERIFIED"],"issue":[24,1964,284,26,10,537,358,1,27],"f":[0.0074280408542247,0.607861343237388,0.0878984834416589,0.00804704425874342,0.00309501702259362,0.166202414113278,0.110801609408852,0.000309501702259362,0.00835654596100279]},"CLOSED":{"old_value":["CLOSED","CLOSED","CLOSED","CLOSED","0","CLOSED","CLOSED","0","0"],"new_value":["ASSIGNED","CLOSED","MODIFIED","NEW","ON_DEV","ON_QA","POST","RELEASE_PENDING","VERIFIED"],"issue":[185,470,1,3,0,1,2,0,0],"f":[0.279456193353474,0.709969788519637,0.00151057401812689,0.00453172205438067,0,0.00151057401812689,0.00302114803625378,0,0]},"MODIFIED":{"old_value":["MODIFIED","MODIFIED","0","MODIFIED","MODIFIED","MODIFIED","MODIFIED","0","MODIFIED"],"new_value":["ASSIGNED","CLOSED","MODIFIED","NEW","ON_DEV","ON_QA","POST","RELEASE_PENDING","VERIFIED"],"issue":[24,339,0,3,17,251,17,0,40],"f":[0.0347322720694645,0.490593342981187,0,0.00434153400868307,0.0246020260492041,0.363241678726483,0.0246020260492041,0,0.0578871201157742]},"NEW":{"old_value":["NEW","NEW","NEW","0","NEW","NEW","NEW","NEW","NEW"],"new_value":["ASSIGNED","CLOSED","MODIFIED","NEW","ON_DEV","ON_QA","POST","RELEASE_PENDING","VERIFIED"],"issue":[2666,857,135,0,7,97,134,3,4],"f":[0.683064309505509,0.219574686138868,0.0345887778631822,0,0.00179349218549833,0.0248526774276198,0.0343325646938253,0.000768639508070715,0.00102485267742762]},"ON_DEV":{"old_value":["ON_DEV","ON_DEV","ON_DEV","0","0","ON_DEV","0","0","ON_DEV"],"new_value":["ASSIGNED","CLOSED","MODIFIED","NEW","ON_DEV","ON_QA","POST","RELEASE_PENDING","VERIFIED"],"issue":[2,5,11,0,0,35,0,0,3],"f":[0.0357142857142857,0.0892857142857143,0.196428571428571,0,0,0.625,0,0,0.0535714285714286]},"ON_QA":{"old_value":["ON_QA","ON_QA","ON_QA","ON_QA","ON_QA","0","ON_QA","0","ON_QA"],"new_value":["ASSIGNED","CLOSED","MODIFIED","NEW","ON_DEV","ON_QA","POST","RELEASE_PENDING","VERIFIED"],"issue":[33,391,46,1,22,0,3,0,403],"f":[0.0367074527252503,0.434927697441602,0.0511679644048943,0.00111234705228031,0.0244716351501669,0,0.00333704115684093,0,0.448275862068966]},"POST":{"old_value":["POST","POST","POST","POST","POST","POST","0","0","POST"],"new_value":["ASSIGNED","CLOSED","MODIFIED","NEW","ON_DEV","ON_QA","POST","RELEASE_PENDING","VERIFIED"],"issue":[8,67,334,1,2,28,0,0,2],"f":[0.0180995475113122,0.15158371040724,0.755656108597285,0.00226244343891403,0.00452488687782805,0.0633484162895928,0,0,0.00452488687782805]},"RELEASE_PENDING":{"old_value":["0","RELEASE_PENDING","RELEASE_PENDING","0","0","0","0","0","0"],"new_value":["ASSIGNED","CLOSED","MODIFIED","NEW","ON_DEV","ON_QA","POST","RELEASE_PENDING","VERIFIED"],"issue":[0,1,3,0,0,0,0,0,0],"f":[0,0.25,0.75,0,0,0,0,0,0]},"VERIFIED":{"old_value":["VERIFIED","VERIFIED","VERIFIED","0","VERIFIED","VERIFIED","VERIFIED","0","0"],"new_value":["ASSIGNED","CLOSED","MODIFIED","NEW","ON_DEV","ON_QA","POST","RELEASE_PENDING","VERIFIED"],"issue":[2,488,3,0,2,1,1,0,0],"f":[0.00402414486921529,0.981891348088531,0.00603621730382294,0,0.00402414486921529,0.00201207243460765,0.00201207243460765,0,0]}}