{"data":{"years":[2009,2010,2011,2012,2013,2014],"X0.99":[538757.880000001,874835.850000002,969007.93,815532.82,553193.52,113372.75],"X0.95":[331272,366421.75,839997.1,793952.5,391943.4,94062.5999999999],"X0.5":[28751,20709.5,25575,511693,138531,4476.5],"X0.25":[8087,3328.25,5492.25,98366.75,63853,969.5]},"labels":[0.99,0.95,0.5,0.25]}