{"data":{"years":[2009,2010,2011,2012,2013,2014],"X0.99":[538757.880000001,874835.850000002,1118548.43,935660.3,635672.02,192605.13],"X0.95":[331272,366421.75,847047.05,798766.25,552419.55,163117.15],"X0.5":[28751,20709.5,25841,521576,225048,59779],"X0.25":[8087,3328.25,5522,108387,113877,12924.5]},"labels":[0.99,0.95,0.5,0.25]}