{"ASSIGNED":{"old_value":["ASSIGNED","ASSIGNED","ASSIGNED","ASSIGNED","ASSIGNED","ASSIGNED","ASSIGNED","ASSIGNED","ASSIGNED"],"new_value":["ASSIGNED","CLOSED","MODIFIED","NEW","ON_DEV","ON_QA","POST","RELEASE_PENDING","VERIFIED"],"issue":[24,1964,287,26,10,537,361,1,27],"f":[0.00741427247451344,0.606734630831016,0.0886623416743899,0.00803212851405622,0.00308928019771393,0.165894346617238,0.111523015137473,0.000308928019771393,0.00834105653382762]},"CLOSED":{"old_value":["CLOSED","CLOSED","CLOSED","CLOSED","0","CLOSED","CLOSED","0","0"],"new_value":["ASSIGNED","CLOSED","MODIFIED","NEW","ON_DEV","ON_QA","POST","RELEASE_PENDING","VERIFIED"],"issue":[186,470,1,3,0,1,2,0,0],"f":[0.280542986425339,0.708898944193062,0.00150829562594268,0.00452488687782805,0,0.00150829562594268,0.00301659125188537,0,0]},"MODIFIED":{"old_value":["MODIFIED","MODIFIED","0","MODIFIED","MODIFIED","MODIFIED","MODIFIED","0","MODIFIED"],"new_value":["ASSIGNED","CLOSED","MODIFIED","NEW","ON_DEV","ON_QA","POST","RELEASE_PENDING","VERIFIED"],"issue":[24,339,0,3,17,251,18,0,40],"f":[0.0346820809248555,0.489884393063584,0,0.00433526011560694,0.0245664739884393,0.36271676300578,0.0260115606936416,0,0.0578034682080925]},"NEW":{"old_value":["NEW","NEW","NEW","0","NEW","NEW","NEW","NEW","NEW"],"new_value":["ASSIGNED","CLOSED","MODIFIED","NEW","ON_DEV","ON_QA","POST","RELEASE_PENDING","VERIFIED"],"issue":[2672,857,140,0,7,97,135,3,4],"f":[0.68250319284802,0.218901660280971,0.0357598978288633,0,0.00178799489144317,0.0247765006385696,0.0344827586206897,0.000766283524904215,0.00102171136653895]},"ON_DEV":{"old_value":["ON_DEV","ON_DEV","ON_DEV","0","0","ON_DEV","0","0","ON_DEV"],"new_value":["ASSIGNED","CLOSED","MODIFIED","NEW","ON_DEV","ON_QA","POST","RELEASE_PENDING","VERIFIED"],"issue":[2,5,11,0,0,35,0,0,3],"f":[0.0357142857142857,0.0892857142857143,0.196428571428571,0,0,0.625,0,0,0.0535714285714286]},"ON_QA":{"old_value":["ON_QA","ON_QA","ON_QA","ON_QA","ON_QA","0","ON_QA","0","ON_QA"],"new_value":["ASSIGNED","CLOSED","MODIFIED","NEW","ON_DEV","ON_QA","POST","RELEASE_PENDING","VERIFIED"],"issue":[33,391,46,1,22,0,3,0,403],"f":[0.0367074527252503,0.434927697441602,0.0511679644048943,0.00111234705228031,0.0244716351501669,0,0.00333704115684093,0,0.448275862068966]},"POST":{"old_value":["POST","POST","POST","POST","POST","POST","0","0","POST"],"new_value":["ASSIGNED","CLOSED","MODIFIED","NEW","ON_DEV","ON_QA","POST","RELEASE_PENDING","VERIFIED"],"issue":[8,67,337,1,2,28,0,0,2],"f":[0.0179775280898876,0.150561797752809,0.757303370786517,0.00224719101123596,0.00449438202247191,0.0629213483146067,0,0,0.00449438202247191]},"RELEASE_PENDING":{"old_value":["0","RELEASE_PENDING","RELEASE_PENDING","0","0","0","0","0","0"],"new_value":["ASSIGNED","CLOSED","MODIFIED","NEW","ON_DEV","ON_QA","POST","RELEASE_PENDING","VERIFIED"],"issue":[0,1,3,0,0,0,0,0,0],"f":[0,0.25,0.75,0,0,0,0,0,0]},"VERIFIED":{"old_value":["VERIFIED","VERIFIED","VERIFIED","0","VERIFIED","VERIFIED","VERIFIED","0","0"],"new_value":["ASSIGNED","CLOSED","MODIFIED","NEW","ON_DEV","ON_QA","POST","RELEASE_PENDING","VERIFIED"],"issue":[2,488,3,0,2,1,1,0,0],"f":[0.00402414486921529,0.981891348088531,0.00603621730382294,0,0.00402414486921529,0.00201207243460765,0.00201207243460765,0,0]}}