{"ASSIGNED":{"old_value":["ASSIGNED","ASSIGNED","ASSIGNED","ASSIGNED","ASSIGNED","ASSIGNED","ASSIGNED","ASSIGNED","ASSIGNED"],"new_value":["ASSIGNED","CLOSED","MODIFIED","NEW","ON_DEV","ON_QA","POST","RELEASE_PENDING","VERIFIED"],"issue":[24,1976,345,33,10,540,502,2,27],"f":[0.00693842150910668,0.57126337091645,0.0997398091934085,0.00954032957502168,0.00289100896212778,0.1561144839549,0.145128649898815,0.000578201792425557,0.00780572419774501]},"CLOSED":{"old_value":["CLOSED","CLOSED","CLOSED","CLOSED","0","CLOSED","CLOSED","0","0"],"new_value":["ASSIGNED","CLOSED","MODIFIED","NEW","ON_DEV","ON_QA","POST","RELEASE_PENDING","VERIFIED"],"issue":[187,470,1,4,0,1,2,0,0],"f":[0.281203007518797,0.706766917293233,0.00150375939849624,0.00601503759398496,0,0.00150375939849624,0.00300751879699248,0,0]},"MODIFIED":{"old_value":["MODIFIED","MODIFIED","0","MODIFIED","MODIFIED","MODIFIED","MODIFIED","0","MODIFIED"],"new_value":["ASSIGNED","CLOSED","MODIFIED","NEW","ON_DEV","ON_QA","POST","RELEASE_PENDING","VERIFIED"],"issue":[32,371,0,4,17,322,33,0,57],"f":[0.0382775119617225,0.44377990430622,0,0.00478468899521531,0.0203349282296651,0.385167464114833,0.0394736842105263,0,0.0681818181818182]},"NEW":{"old_value":["NEW","NEW","NEW","0","NEW","NEW","NEW","NEW","NEW"],"new_value":["ASSIGNED","CLOSED","MODIFIED","NEW","ON_DEV","ON_QA","POST","RELEASE_PENDING","VERIFIED"],"issue":[2839,890,180,0,7,100,233,3,4],"f":[0.667058270676692,0.209116541353383,0.0422932330827068,0,0.00164473684210526,0.0234962406015038,0.0547462406015038,0.000704887218045113,0.00093984962406015]},"ON_DEV":{"old_value":["ON_DEV","ON_DEV","ON_DEV","0","0","ON_DEV","0","0","ON_DEV"],"new_value":["ASSIGNED","CLOSED","MODIFIED","NEW","ON_DEV","ON_QA","POST","RELEASE_PENDING","VERIFIED"],"issue":[2,5,11,0,0,35,0,0,3],"f":[0.0357142857142857,0.0892857142857143,0.196428571428571,0,0,0.625,0,0,0.0535714285714286]},"ON_QA":{"old_value":["ON_QA","ON_QA","ON_QA","ON_QA","ON_QA","0","ON_QA","0","ON_QA"],"new_value":["ASSIGNED","CLOSED","MODIFIED","NEW","ON_DEV","ON_QA","POST","RELEASE_PENDING","VERIFIED"],"issue":[34,466,87,1,22,0,6,0,410],"f":[0.0331384015594542,0.454191033138402,0.0847953216374269,0.000974658869395711,0.0214424951267057,0,0.00584795321637427,0,0.399610136452242]},"POST":{"old_value":["POST","POST","POST","POST","POST","POST","0","0","POST"],"new_value":["ASSIGNED","CLOSED","MODIFIED","NEW","ON_DEV","ON_QA","POST","RELEASE_PENDING","VERIFIED"],"issue":[15,83,502,3,2,37,0,0,2],"f":[0.0232919254658385,0.12888198757764,0.779503105590062,0.0046583850931677,0.0031055900621118,0.0574534161490683,0,0,0.0031055900621118]},"RELEASE_PENDING":{"old_value":["0","RELEASE_PENDING","RELEASE_PENDING","0","0","0","0","0","0"],"new_value":["ASSIGNED","CLOSED","MODIFIED","NEW","ON_DEV","ON_QA","POST","RELEASE_PENDING","VERIFIED"],"issue":[0,2,3,0,0,0,0,0,0],"f":[0,0.4,0.6,0,0,0,0,0,0]},"VERIFIED":{"old_value":["VERIFIED","VERIFIED","VERIFIED","VERIFIED","VERIFIED","VERIFIED","VERIFIED","0","0"],"new_value":["ASSIGNED","CLOSED","MODIFIED","NEW","ON_DEV","ON_QA","POST","RELEASE_PENDING","VERIFIED"],"issue":[2,505,23,2,2,2,1,0,0],"f":[0.0037243947858473,0.940409683426443,0.042830540037244,0.0037243947858473,0.0037243947858473,0.0037243947858473,0.00186219739292365,0,0]}}