{"data":{"years":[2009,2010,2011,2012,2013,2014],"X0.99":[538757.880000001,874835.850000002,1395019.5,1073702.99,753905.52,342370.28],"X0.95":[331272,366421.75,848331.5,809454.3,639580.4,211413.05],"X0.5":[28751,20709.5,26644,523869.5,254334,58863],"X0.25":[8087,3328.25,5552.75,111174,148277,21573.5]},"labels":[0.99,0.95,0.5,0.25]}