{"data":{"years":[2009,2010,2011,2012,2013,2014],"X0.99":[538757.880000001,874835.850000002,1171856.79,1038514.16,698955.25,229439.76],"X0.95":[331272,366421.75,847506.95,806863.2,582330,185196],"X0.5":[28751,20709.5,26215.5,521643,248926.5,56811],"X0.25":[8087,3328.25,5540,110213,134430,21627]},"labels":[0.99,0.95,0.5,0.25]}