{"data":{"years":[2009,2010,2011,2012,2013,2014],"X0.99":[538757.880000001,874835.850000002,1142544,1038667.14,690193,232467.36],"X0.95":[331272,366421.75,847110.5,805395.3,574091,192827.7],"X0.5":[28751,20709.5,25944,521641,247118,66827],"X0.25":[8087,3328.25,5531,109900.5,133152,19526]},"labels":[0.99,0.95,0.5,0.25]}