{"ASSIGNED":{"old_value":["ASSIGNED","ASSIGNED","ASSIGNED","ASSIGNED","ASSIGNED","ASSIGNED","ASSIGNED","ASSIGNED","ASSIGNED"],"new_value":["ASSIGNED","CLOSED","MODIFIED","NEW","ON_DEV","ON_QA","POST","RELEASE_PENDING","VERIFIED"],"issue":[24,1964,294,27,10,538,374,1,27],"f":[0.00736422215403498,0.602638846271862,0.0902117213869285,0.00828474992328935,0.00306842589751457,0.165081313286284,0.114759128567045,0.000306842589751458,0.00828474992328935]},"CLOSED":{"old_value":["CLOSED","CLOSED","CLOSED","CLOSED","0","CLOSED","CLOSED","0","0"],"new_value":["ASSIGNED","CLOSED","MODIFIED","NEW","ON_DEV","ON_QA","POST","RELEASE_PENDING","VERIFIED"],"issue":[186,470,1,4,0,1,2,0,0],"f":[0.280120481927711,0.707831325301205,0.00150602409638554,0.00602409638554217,0,0.00150602409638554,0.00301204819277108,0,0]},"MODIFIED":{"old_value":["MODIFIED","MODIFIED","0","MODIFIED","MODIFIED","MODIFIED","MODIFIED","0","MODIFIED"],"new_value":["ASSIGNED","CLOSED","MODIFIED","NEW","ON_DEV","ON_QA","POST","RELEASE_PENDING","VERIFIED"],"issue":[25,339,0,3,17,275,18,0,41],"f":[0.0348189415041783,0.472144846796657,0,0.00417827298050139,0.0236768802228412,0.383008356545961,0.0250696378830084,0,0.0571030640668524]},"NEW":{"old_value":["NEW","NEW","NEW","0","NEW","NEW","NEW","NEW","NEW"],"new_value":["ASSIGNED","CLOSED","MODIFIED","NEW","ON_DEV","ON_QA","POST","RELEASE_PENDING","VERIFIED"],"issue":[2690,860,144,0,7,97,141,3,4],"f":[0.681702990369995,0.217942219969589,0.0364926507856057,0,0.00177394830207805,0.0245818550430816,0.0357323872275722,0.000760263558033452,0.0010136847440446]},"ON_DEV":{"old_value":["ON_DEV","ON_DEV","ON_DEV","0","0","ON_DEV","0","0","ON_DEV"],"new_value":["ASSIGNED","CLOSED","MODIFIED","NEW","ON_DEV","ON_QA","POST","RELEASE_PENDING","VERIFIED"],"issue":[2,5,11,0,0,35,0,0,3],"f":[0.0357142857142857,0.0892857142857143,0.196428571428571,0,0,0.625,0,0,0.0535714285714286]},"ON_QA":{"old_value":["ON_QA","ON_QA","ON_QA","ON_QA","ON_QA","0","ON_QA","0","ON_QA"],"new_value":["ASSIGNED","CLOSED","MODIFIED","NEW","ON_DEV","ON_QA","POST","RELEASE_PENDING","VERIFIED"],"issue":[33,391,47,1,22,0,3,0,404],"f":[0.0366259711431743,0.433962264150943,0.0521642619311876,0.00110987791342952,0.0244173140954495,0,0.00332963374028857,0,0.448390677025527]},"POST":{"old_value":["POST","POST","POST","POST","POST","POST","0","0","POST"],"new_value":["ASSIGNED","CLOSED","MODIFIED","NEW","ON_DEV","ON_QA","POST","RELEASE_PENDING","VERIFIED"],"issue":[9,68,347,1,2,35,0,0,2],"f":[0.0193965517241379,0.146551724137931,0.747844827586207,0.0021551724137931,0.00431034482758621,0.0754310344827586,0,0,0.00431034482758621]},"RELEASE_PENDING":{"old_value":["0","RELEASE_PENDING","RELEASE_PENDING","0","0","0","0","0","0"],"new_value":["ASSIGNED","CLOSED","MODIFIED","NEW","ON_DEV","ON_QA","POST","RELEASE_PENDING","VERIFIED"],"issue":[0,1,3,0,0,0,0,0,0],"f":[0,0.25,0.75,0,0,0,0,0,0]},"VERIFIED":{"old_value":["VERIFIED","VERIFIED","VERIFIED","0","VERIFIED","VERIFIED","VERIFIED","0","0"],"new_value":["ASSIGNED","CLOSED","MODIFIED","NEW","ON_DEV","ON_QA","POST","RELEASE_PENDING","VERIFIED"],"issue":[2,488,3,0,2,2,1,0,0],"f":[0.00401606425702811,0.979919678714859,0.00602409638554217,0,0.00401606425702811,0.00401606425702811,0.00200803212851406,0,0]}}