{"ASSIGNED":{"old_value":["ASSIGNED","ASSIGNED","ASSIGNED","ASSIGNED","ASSIGNED","ASSIGNED","ASSIGNED","0","ASSIGNED"],"new_value":["ASSIGNED","CLOSED","MODIFIED","NEW","ON_DEV","ON_QA","POST","RELEASE_PENDING","VERIFIED"],"issue":[24,1919,251,22,10,530,281,0,26],"f":[0.00783545543584721,0.62650995755795,0.0819458047665687,0.00718250081619327,0.00326477309826967,0.173032974208293,0.0917401240613777,0,0.00848841005550114]},"CLOSED":{"old_value":["CLOSED","CLOSED","0","CLOSED","0","CLOSED","CLOSED","0","0"],"new_value":["ASSIGNED","CLOSED","MODIFIED","NEW","ON_DEV","ON_QA","POST","RELEASE_PENDING","VERIFIED"],"issue":[184,470,0,1,0,1,2,0,0],"f":[0.279635258358663,0.714285714285714,0,0.00151975683890578,0,0.00151975683890578,0.00303951367781155,0,0]},"MODIFIED":{"old_value":["MODIFIED","MODIFIED","0","MODIFIED","MODIFIED","MODIFIED","MODIFIED","0","MODIFIED"],"new_value":["ASSIGNED","CLOSED","MODIFIED","NEW","ON_DEV","ON_QA","POST","RELEASE_PENDING","VERIFIED"],"issue":[16,198,0,2,17,220,14,0,15],"f":[0.033195020746888,0.410788381742739,0,0.004149377593361,0.0352697095435685,0.45643153526971,0.029045643153527,0,0.0311203319502075]},"NEW":{"old_value":["NEW","NEW","NEW","0","NEW","NEW","NEW","NEW","NEW"],"new_value":["ASSIGNED","CLOSED","MODIFIED","NEW","ON_DEV","ON_QA","POST","RELEASE_PENDING","VERIFIED"],"issue":[2558,802,109,0,7,94,89,2,4],"f":[0.697953615279673,0.218826739427012,0.0297407912687585,0,0.00190995907230559,0.0256480218281037,0.0242837653478854,0.000545702592087312,0.00109140518417462]},"ON_DEV":{"old_value":["ON_DEV","ON_DEV","ON_DEV","0","0","ON_DEV","0","0","ON_DEV"],"new_value":["ASSIGNED","CLOSED","MODIFIED","NEW","ON_DEV","ON_QA","POST","RELEASE_PENDING","VERIFIED"],"issue":[2,5,11,0,0,35,0,0,3],"f":[0.0357142857142857,0.0892857142857143,0.196428571428571,0,0,0.625,0,0,0.0535714285714286]},"ON_QA":{"old_value":["ON_QA","ON_QA","ON_QA","0","ON_QA","0","ON_QA","0","ON_QA"],"new_value":["ASSIGNED","CLOSED","MODIFIED","NEW","ON_DEV","ON_QA","POST","RELEASE_PENDING","VERIFIED"],"issue":[32,376,44,0,22,0,3,0,401],"f":[0.0364464692482916,0.428246013667426,0.0501138952164009,0,0.0250569476082005,0,0.00341685649202733,0,0.456719817767654]},"POST":{"old_value":["POST","POST","POST","0","POST","POST","0","0","0"],"new_value":["ASSIGNED","CLOSED","MODIFIED","NEW","ON_DEV","ON_QA","POST","RELEASE_PENDING","VERIFIED"],"issue":[5,6,258,0,2,13,0,0,0],"f":[0.0176056338028169,0.0211267605633803,0.908450704225352,0,0.00704225352112676,0.0457746478873239,0,0,0]},"RELEASE_PENDING":{"old_value":["0","RELEASE_PENDING","RELEASE_PENDING","0","0","0","0","0","0"],"new_value":["ASSIGNED","CLOSED","MODIFIED","NEW","ON_DEV","ON_QA","POST","RELEASE_PENDING","VERIFIED"],"issue":[0,1,1,0,0,0,0,0,0],"f":[0,0.5,0.5,0,0,0,0,0,0]},"VERIFIED":{"old_value":["VERIFIED","VERIFIED","VERIFIED","0","VERIFIED","VERIFIED","VERIFIED","0","0"],"new_value":["ASSIGNED","CLOSED","MODIFIED","NEW","ON_DEV","ON_QA","POST","RELEASE_PENDING","VERIFIED"],"issue":[2,462,3,0,2,1,1,0,0],"f":[0.00424628450106157,0.980891719745223,0.00636942675159236,0,0.00424628450106157,0.00212314225053079,0.00212314225053079,0,0]}}