{"ASSIGNED":{"old_value":["ASSIGNED","ASSIGNED","ASSIGNED","ASSIGNED","ASSIGNED","ASSIGNED","ASSIGNED","ASSIGNED","ASSIGNED"],"new_value":["ASSIGNED","CLOSED","MODIFIED","NEW","ON_DEV","ON_QA","POST","RELEASE_PENDING","VERIFIED"],"issue":[24,1964,300,32,10,538,381,1,27],"f":[0.00732377174244736,0.599328654256942,0.091547146780592,0.00976502898992981,0.00305157155935307,0.164174549893195,0.116264876411352,0.000305157155935307,0.00823924321025328]},"CLOSED":{"old_value":["CLOSED","CLOSED","CLOSED","CLOSED","0","CLOSED","CLOSED","0","0"],"new_value":["ASSIGNED","CLOSED","MODIFIED","NEW","ON_DEV","ON_QA","POST","RELEASE_PENDING","VERIFIED"],"issue":[186,470,1,4,0,1,2,0,0],"f":[0.280120481927711,0.707831325301205,0.00150602409638554,0.00602409638554217,0,0.00150602409638554,0.00301204819277108,0,0]},"MODIFIED":{"old_value":["MODIFIED","MODIFIED","0","MODIFIED","MODIFIED","MODIFIED","MODIFIED","0","MODIFIED"],"new_value":["ASSIGNED","CLOSED","MODIFIED","NEW","ON_DEV","ON_QA","POST","RELEASE_PENDING","VERIFIED"],"issue":[25,339,0,3,17,278,20,0,42],"f":[0.0345303867403315,0.468232044198895,0,0.00414364640883978,0.0234806629834254,0.383977900552486,0.0276243093922652,0,0.0580110497237569]},"NEW":{"old_value":["NEW","NEW","NEW","0","NEW","NEW","NEW","NEW","NEW"],"new_value":["ASSIGNED","CLOSED","MODIFIED","NEW","ON_DEV","ON_QA","POST","RELEASE_PENDING","VERIFIED"],"issue":[2703,861,146,0,7,97,149,3,4],"f":[0.680856423173804,0.216876574307305,0.0367758186397985,0,0.0017632241813602,0.0244332493702771,0.0375314861460957,0.000755667506297229,0.00100755667506297]},"ON_DEV":{"old_value":["ON_DEV","ON_DEV","ON_DEV","0","0","ON_DEV","0","0","ON_DEV"],"new_value":["ASSIGNED","CLOSED","MODIFIED","NEW","ON_DEV","ON_QA","POST","RELEASE_PENDING","VERIFIED"],"issue":[2,5,11,0,0,35,0,0,3],"f":[0.0357142857142857,0.0892857142857143,0.196428571428571,0,0,0.625,0,0,0.0535714285714286]},"ON_QA":{"old_value":["ON_QA","ON_QA","ON_QA","ON_QA","ON_QA","0","ON_QA","0","ON_QA"],"new_value":["ASSIGNED","CLOSED","MODIFIED","NEW","ON_DEV","ON_QA","POST","RELEASE_PENDING","VERIFIED"],"issue":[33,391,47,1,22,0,3,0,404],"f":[0.0366259711431743,0.433962264150943,0.0521642619311876,0.00110987791342952,0.0244173140954495,0,0.00332963374028857,0,0.448390677025527]},"POST":{"old_value":["POST","POST","POST","POST","POST","POST","0","0","POST"],"new_value":["ASSIGNED","CLOSED","MODIFIED","NEW","ON_DEV","ON_QA","POST","RELEASE_PENDING","VERIFIED"],"issue":[10,68,357,1,2,35,0,0,2],"f":[0.0210526315789474,0.143157894736842,0.751578947368421,0.00210526315789474,0.00421052631578947,0.0736842105263158,0,0,0.00421052631578947]},"RELEASE_PENDING":{"old_value":["0","RELEASE_PENDING","RELEASE_PENDING","0","0","0","0","0","0"],"new_value":["ASSIGNED","CLOSED","MODIFIED","NEW","ON_DEV","ON_QA","POST","RELEASE_PENDING","VERIFIED"],"issue":[0,1,3,0,0,0,0,0,0],"f":[0,0.25,0.75,0,0,0,0,0,0]},"VERIFIED":{"old_value":["VERIFIED","VERIFIED","VERIFIED","0","VERIFIED","VERIFIED","VERIFIED","0","0"],"new_value":["ASSIGNED","CLOSED","MODIFIED","NEW","ON_DEV","ON_QA","POST","RELEASE_PENDING","VERIFIED"],"issue":[2,488,3,0,2,2,1,0,0],"f":[0.00401606425702811,0.979919678714859,0.00602409638554217,0,0.00401606425702811,0.00401606425702811,0.00200803212851406,0,0]}}