{"data":{"years":[2009,2010,2011,2012,2013,2014],"X0.99":[538757.880000001,874835.850000002,1171856.79,1046467.62,744055.2,307271.619999999],"X0.95":[331272,366421.75,847506.95,807584.75,597528.75,207305.9],"X0.5":[28751,20709.5,26215.5,522580,251322,58682],"X0.25":[8087,3328.25,5540,110569.25,140931,20609.5]},"labels":[0.99,0.95,0.5,0.25]}