{"data":{"years":[2009,2010,2011,2012,2013,2014],"X0.99":[538757.880000001,874835.850000002,1472982.52,1101851.62,809205.5,443525.99],"X0.95":[331272,366421.75,848425.8,809829.05,655888,404243.55],"X0.5":[28751,20709.5,26794,524797.5,276674,139591],"X0.25":[8087,3328.25,5554,112038.75,159001.5,67574.5]},"labels":[0.99,0.95,0.5,0.25]}