{"ASSIGNED":{"old_value":["ASSIGNED","ASSIGNED","ASSIGNED","ASSIGNED","ASSIGNED","ASSIGNED","ASSIGNED","ASSIGNED","ASSIGNED"],"new_value":["ASSIGNED","CLOSED","MODIFIED","NEW","ON_DEV","ON_QA","POST","RELEASE_PENDING","VERIFIED"],"issue":[24,2045,386,60,10,548,686,2,28],"f":[0.0063341250989707,0.539720242808129,0.101873845341779,0.0158353127474268,0.00263921879123779,0.144629189759831,0.181050409078913,0.000527843758247559,0.00738981261546582]},"CLOSED":{"old_value":["CLOSED","CLOSED","CLOSED","CLOSED","0","CLOSED","CLOSED","0","0"],"new_value":["ASSIGNED","CLOSED","MODIFIED","NEW","ON_DEV","ON_QA","POST","RELEASE_PENDING","VERIFIED"],"issue":[189,470,1,5,0,1,3,0,0],"f":[0.282511210762332,0.70254110612855,0.00149476831091181,0.00747384155455904,0,0.00149476831091181,0.00448430493273543,0,0]},"MODIFIED":{"old_value":["MODIFIED","MODIFIED","0","MODIFIED","MODIFIED","MODIFIED","MODIFIED","0","MODIFIED"],"new_value":["ASSIGNED","CLOSED","MODIFIED","NEW","ON_DEV","ON_QA","POST","RELEASE_PENDING","VERIFIED"],"issue":[34,393,0,5,17,695,52,0,57],"f":[0.0271348762968875,0.31364724660814,0,0.00399042298483639,0.0135674381484437,0.554668794892259,0.0415003990422985,0,0.0454908220271349]},"NEW":{"old_value":["NEW","NEW","NEW","0","NEW","NEW","NEW","NEW","NEW"],"new_value":["ASSIGNED","CLOSED","MODIFIED","NEW","ON_DEV","ON_QA","POST","RELEASE_PENDING","VERIFIED"],"issue":[3087,1001,243,0,7,103,426,3,5],"f":[0.633230769230769,0.205333333333333,0.0498461538461538,0,0.00143589743589744,0.0211282051282051,0.0873846153846154,0.000615384615384615,0.00102564102564103]},"ON_DEV":{"old_value":["ON_DEV","ON_DEV","ON_DEV","0","0","ON_DEV","ON_DEV","0","ON_DEV"],"new_value":["ASSIGNED","CLOSED","MODIFIED","NEW","ON_DEV","ON_QA","POST","RELEASE_PENDING","VERIFIED"],"issue":[3,6,11,0,0,35,2,0,3],"f":[0.05,0.1,0.183333333333333,0,0,0.583333333333333,0.0333333333333333,0,0.05]},"ON_QA":{"old_value":["ON_QA","ON_QA","ON_QA","ON_QA","ON_QA","0","ON_QA","0","ON_QA"],"new_value":["ASSIGNED","CLOSED","MODIFIED","NEW","ON_DEV","ON_QA","POST","RELEASE_PENDING","VERIFIED"],"issue":[39,872,90,1,22,0,6,0,411],"f":[0.0270645385149202,0.605135322692575,0.0624566273421235,0.000693962526023595,0.0152671755725191,0,0.00416377515614157,0,0.285218598195697]},"POST":{"old_value":["POST","POST","POST","POST","POST","POST","0","0","POST"],"new_value":["ASSIGNED","CLOSED","MODIFIED","NEW","ON_DEV","ON_QA","POST","RELEASE_PENDING","VERIFIED"],"issue":[17,107,767,4,2,77,0,0,2],"f":[0.0174180327868852,0.109631147540984,0.785860655737705,0.00409836065573771,0.00204918032786885,0.0788934426229508,0,0,0.00204918032786885]},"RELEASE_PENDING":{"old_value":["0","RELEASE_PENDING","RELEASE_PENDING","0","0","0","0","0","0"],"new_value":["ASSIGNED","CLOSED","MODIFIED","NEW","ON_DEV","ON_QA","POST","RELEASE_PENDING","VERIFIED"],"issue":[0,2,3,0,0,0,0,0,0],"f":[0,0.4,0.6,0,0,0,0,0,0]},"VERIFIED":{"old_value":["VERIFIED","VERIFIED","VERIFIED","VERIFIED","VERIFIED","VERIFIED","VERIFIED","0","0"],"new_value":["ASSIGNED","CLOSED","MODIFIED","NEW","ON_DEV","ON_QA","POST","RELEASE_PENDING","VERIFIED"],"issue":[2,510,24,2,2,2,1,0,0],"f":[0.00368324125230203,0.939226519337017,0.0441988950276243,0.00368324125230203,0.00368324125230203,0.00368324125230203,0.00184162062615101,0,0]}}