{"data":{"years":[2009,2010,2011,2012,2013,2014],"X0.99":[538757.880000001,874835.850000002,1142544,1038667.14,686143.82,233274.72],"X0.95":[331272,366421.75,847110.5,805395.3,568781.45,195647.2],"X0.5":[28751,20709.5,25944,521641,245802,67523],"X0.25":[8087,3328.25,5531,109900.5,131926.5,19182]},"labels":[0.99,0.95,0.5,0.25]}