{"ASSIGNED":{"old_value":["ASSIGNED","ASSIGNED","ASSIGNED","ASSIGNED","ASSIGNED","ASSIGNED","ASSIGNED","ASSIGNED","ASSIGNED"],"new_value":["ASSIGNED","CLOSED","MODIFIED","NEW","ON_DEV","ON_QA","POST","RELEASE_PENDING","VERIFIED"],"issue":[24,1994,378,60,10,548,668,2,28],"f":[0.00646551724137931,0.537176724137931,0.101831896551724,0.0161637931034483,0.00269396551724138,0.147629310344828,0.179956896551724,0.000538793103448276,0.00754310344827586]},"CLOSED":{"old_value":["CLOSED","CLOSED","CLOSED","CLOSED","0","CLOSED","CLOSED","0","0"],"new_value":["ASSIGNED","CLOSED","MODIFIED","NEW","ON_DEV","ON_QA","POST","RELEASE_PENDING","VERIFIED"],"issue":[187,470,1,5,0,1,3,0,0],"f":[0.280359820089955,0.704647676161919,0.00149925037481259,0.00749625187406297,0,0.00149925037481259,0.00449775112443778,0,0]},"MODIFIED":{"old_value":["MODIFIED","MODIFIED","0","MODIFIED","MODIFIED","MODIFIED","MODIFIED","0","MODIFIED"],"new_value":["ASSIGNED","CLOSED","MODIFIED","NEW","ON_DEV","ON_QA","POST","RELEASE_PENDING","VERIFIED"],"issue":[33,391,0,5,17,695,50,0,57],"f":[0.0264423076923077,0.313301282051282,0,0.00400641025641026,0.0136217948717949,0.556891025641026,0.0400641025641026,0,0.0456730769230769]},"NEW":{"old_value":["NEW","NEW","NEW","0","NEW","NEW","NEW","NEW","NEW"],"new_value":["ASSIGNED","CLOSED","MODIFIED","NEW","ON_DEV","ON_QA","POST","RELEASE_PENDING","VERIFIED"],"issue":[3055,950,233,0,7,103,400,3,5],"f":[0.642346509671993,0.199747687132044,0.0489907485281749,0,0.00147182506307822,0.0216568544995795,0.0841042893187553,0.000630782169890664,0.00105130361648444]},"ON_DEV":{"old_value":["ON_DEV","ON_DEV","ON_DEV","0","0","ON_DEV","ON_DEV","0","ON_DEV"],"new_value":["ASSIGNED","CLOSED","MODIFIED","NEW","ON_DEV","ON_QA","POST","RELEASE_PENDING","VERIFIED"],"issue":[3,6,11,0,0,35,2,0,3],"f":[0.05,0.1,0.183333333333333,0,0,0.583333333333333,0.0333333333333333,0,0.05]},"ON_QA":{"old_value":["ON_QA","ON_QA","ON_QA","ON_QA","ON_QA","0","ON_QA","0","ON_QA"],"new_value":["ASSIGNED","CLOSED","MODIFIED","NEW","ON_DEV","ON_QA","POST","RELEASE_PENDING","VERIFIED"],"issue":[39,872,90,1,22,0,6,0,411],"f":[0.0270645385149202,0.605135322692575,0.0624566273421235,0.000693962526023595,0.0152671755725191,0,0.00416377515614157,0,0.285218598195697]},"POST":{"old_value":["POST","POST","POST","POST","POST","POST","0","0","POST"],"new_value":["ASSIGNED","CLOSED","MODIFIED","NEW","ON_DEV","ON_QA","POST","RELEASE_PENDING","VERIFIED"],"issue":[16,104,741,4,2,77,0,0,2],"f":[0.0169133192389006,0.109936575052854,0.783298097251586,0.00422832980972516,0.00211416490486258,0.0813953488372093,0,0,0.00211416490486258]},"RELEASE_PENDING":{"old_value":["0","RELEASE_PENDING","RELEASE_PENDING","0","0","0","0","0","0"],"new_value":["ASSIGNED","CLOSED","MODIFIED","NEW","ON_DEV","ON_QA","POST","RELEASE_PENDING","VERIFIED"],"issue":[0,2,3,0,0,0,0,0,0],"f":[0,0.4,0.6,0,0,0,0,0,0]},"VERIFIED":{"old_value":["VERIFIED","VERIFIED","VERIFIED","VERIFIED","VERIFIED","VERIFIED","VERIFIED","0","0"],"new_value":["ASSIGNED","CLOSED","MODIFIED","NEW","ON_DEV","ON_QA","POST","RELEASE_PENDING","VERIFIED"],"issue":[2,507,24,2,2,2,1,0,0],"f":[0.0037037037037037,0.938888888888889,0.0444444444444444,0.0037037037037037,0.0037037037037037,0.0037037037037037,0.00185185185185185,0,0]}}