{"ASSIGNED":{"old_value":["ASSIGNED","ASSIGNED","ASSIGNED","ASSIGNED","ASSIGNED","ASSIGNED","ASSIGNED","ASSIGNED","ASSIGNED"],"new_value":["ASSIGNED","CLOSED","MODIFIED","NEW","ON_DEV","ON_QA","POST","RELEASE_PENDING","VERIFIED"],"issue":[24,1980,364,34,10,542,573,2,27],"f":[0.00674915635545557,0.556805399325084,0.102362204724409,0.00956130483689539,0.00281214848143982,0.152418447694038,0.161136107986502,0.000562429696287964,0.00759280089988751]},"CLOSED":{"old_value":["CLOSED","CLOSED","CLOSED","CLOSED","0","CLOSED","CLOSED","0","0"],"new_value":["ASSIGNED","CLOSED","MODIFIED","NEW","ON_DEV","ON_QA","POST","RELEASE_PENDING","VERIFIED"],"issue":[187,470,1,4,0,1,2,0,0],"f":[0.281203007518797,0.706766917293233,0.00150375939849624,0.00601503759398496,0,0.00150375939849624,0.00300751879699248,0,0]},"MODIFIED":{"old_value":["MODIFIED","MODIFIED","0","MODIFIED","MODIFIED","MODIFIED","MODIFIED","0","MODIFIED"],"new_value":["ASSIGNED","CLOSED","MODIFIED","NEW","ON_DEV","ON_QA","POST","RELEASE_PENDING","VERIFIED"],"issue":[33,373,0,4,17,323,47,0,57],"f":[0.0386416861826698,0.436768149882904,0,0.00468384074941452,0.0199063231850117,0.378220140515222,0.0550351288056206,0,0.0667447306791569]},"NEW":{"old_value":["NEW","NEW","NEW","0","NEW","NEW","NEW","NEW","NEW"],"new_value":["ASSIGNED","CLOSED","MODIFIED","NEW","ON_DEV","ON_QA","POST","RELEASE_PENDING","VERIFIED"],"issue":[2919,905,208,0,7,100,302,3,4],"f":[0.65625,0.203462230215827,0.0467625899280576,0,0.00157374100719424,0.0224820143884892,0.0678956834532374,0.000674460431654676,0.000899280575539568]},"ON_DEV":{"old_value":["ON_DEV","ON_DEV","ON_DEV","0","0","ON_DEV","0","0","ON_DEV"],"new_value":["ASSIGNED","CLOSED","MODIFIED","NEW","ON_DEV","ON_QA","POST","RELEASE_PENDING","VERIFIED"],"issue":[2,5,11,0,0,35,0,0,3],"f":[0.0357142857142857,0.0892857142857143,0.196428571428571,0,0,0.625,0,0,0.0535714285714286]},"ON_QA":{"old_value":["ON_QA","ON_QA","ON_QA","ON_QA","ON_QA","0","ON_QA","0","ON_QA"],"new_value":["ASSIGNED","CLOSED","MODIFIED","NEW","ON_DEV","ON_QA","POST","RELEASE_PENDING","VERIFIED"],"issue":[35,466,90,1,22,0,6,0,411],"f":[0.0339476236663434,0.451988360814743,0.0872938894277401,0.000969932104752667,0.0213385063045587,0,0.005819592628516,0,0.398642095053346]},"POST":{"old_value":["POST","POST","POST","POST","POST","POST","0","0","POST"],"new_value":["ASSIGNED","CLOSED","MODIFIED","NEW","ON_DEV","ON_QA","POST","RELEASE_PENDING","VERIFIED"],"issue":[16,90,589,3,2,39,0,0,2],"f":[0.0215924426450742,0.121457489878543,0.794871794871795,0.00404858299595142,0.00269905533063428,0.0526315789473684,0,0,0.00269905533063428]},"RELEASE_PENDING":{"old_value":["0","RELEASE_PENDING","RELEASE_PENDING","0","0","0","0","0","0"],"new_value":["ASSIGNED","CLOSED","MODIFIED","NEW","ON_DEV","ON_QA","POST","RELEASE_PENDING","VERIFIED"],"issue":[0,2,3,0,0,0,0,0,0],"f":[0,0.4,0.6,0,0,0,0,0,0]},"VERIFIED":{"old_value":["VERIFIED","VERIFIED","VERIFIED","VERIFIED","VERIFIED","VERIFIED","VERIFIED","0","0"],"new_value":["ASSIGNED","CLOSED","MODIFIED","NEW","ON_DEV","ON_QA","POST","RELEASE_PENDING","VERIFIED"],"issue":[2,505,24,2,2,2,1,0,0],"f":[0.00371747211895911,0.938661710037175,0.0446096654275093,0.00371747211895911,0.00371747211895911,0.00371747211895911,0.00185873605947955,0,0]}}