{"data":{"years":[2008,2009,2010,2011,2012,2013,2014],"X0.99":[30345.04,105973.4,16908.8,15705.37,49395.95,41476.16,10903.9],"X0.95":[6900.79999999999,12486,6467.4,6351.84999999999,7428.79999999999,7790.45,5451.35],"X0.5":[189,243.5,318,174,216.5,191,215.5],"X0.25":[30,42.75,42,26.25,37.75,34,35.25]},"labels":[0.99,0.95,0.5,0.25]}