{"data":{"years":[2006,2007,2008,2009,2010,2011,2012,2013],"X0.99":[1986.52,67310.7200000001,27334.7600000001,80184.2100000013,18697.7600000001,17629.9400000001,49535.25,33489.33],"X0.95":[1888.6,10988.15,4830.1,10462.65,6490.2,6561.15000000001,8208.75,7637.14999999999],"X0.5":[121,138.5,163.5,217.5,298,177.5,208,179.5],"X0.25":[33,22,25,42.75,42.25,28.75,35,35]},"labels":[0.99,0.95,0.5,0.25]}