{"data":{"years":[2006,2007,2008,2009,2010,2011,2012,2013,2014],"X0.99":[338765.5,75187.0200000002,27114.1599999998,75344.9100000002,18579.1999999999,17564.26,51973.9899999997,41192,21541],"X0.95":[118199.299999999,12872.1,4964,10378.15,6475,6501.34999999999,8701.3,8021.59999999996,5857.6],"X0.5":[363.5,137,165,222,301.5,174,220,183,185],"X0.25":[131.5,22.5,25,43.25,43,28,37,37.5,35]},"labels":[0.99,0.95,0.5,0.25]}